annotation_id,event,tweet_text,primary_label,secondary_label,confidence,ambiguous,reason
AUDITV2_0001,kerala_floods_2018,"@RanaAyyub Undoubtedly, if true #Hinduism has survived, its in #Kerala - Gods Own Country. Where #Hindus openly welcomed #Muslims into their #Temples to offer their #Prayers, and Muslims gave #shelter to numerous #Hindu_families in their #Mosques during recent #floods in the State.",,,,,
AUDITV2_0002,cyclone_idai_2019,Every death from a predictable disaster like a cyclone that was known weeks in advance is a terrible indictment of our leadership. And just how did we end up with a higher death toll than Mozambique where the cyclone affected densely populated areas and also hit hardest?,,,,,
AUDITV2_0003,hurricane_maria_2017,"Listen: Locals Describe Hurricane Maria’s Damage in Dominica - With no power, phones or internet, Dominica",,,,,
AUDITV2_0004,kaikoura_earthquake_2016,Military planes and ships sent to quake-affected areas  #eqnz,,,,,
AUDITV2_0005,hurricane_florence_2018,"We have the power to prevent tragedy and strengthen communities. Send much-needed supplies before UPS, FedEx &amp; USPS stop delivering to the Carolinas:  #hurricaneflorence #buildmaroonage @msbritt_305",,,,,
AUDITV2_0006,kaikoura_earthquake_2016,Didnt feel it. Thoughts with those who were affected #eqnz,,,,,
AUDITV2_0007,hurricane_florence_2018,"What do you expect, same thing with Puerto rico! where almost 3,000 people died because they have brown skin! Not worthy for him!",,,,,
AUDITV2_0008,canada_wildfires_2016,That is terrible. We need help to contain and stop the fire from spreading.,,,,,
AUDITV2_0009,hurricane_florence_2018,The Hurricanes Hunter crews of @NOAA_HurrHunter and USAF @53rdWRS are true American heroes ἟A἟8. They fly into dangerous hurricanes to collect critical data that are used to help forecasters support emergency managers in making life-saving decisions in advance of landfall✈️ἰ0,,,,,
AUDITV2_0010,hurricane_harvey_2017,"Hey guys, Ive lost everything in #HurricaneHarvey and need help, please spread and donate if you can",,,,,
AUDITV2_0011,kaikoura_earthquake_2016,"Aftershocks coming thick and fast. Havent felt anything here in Dunedin, yet. #eqnz",,,,,
AUDITV2_0012,kerala_floods_2018,"Dear Sir @CMOKerala @vijayanpinarayi @chennithala We never got advance warning of flooding in our colony in #Kochi. Our calls to local councillor were met with the reply - nothing to worry. Finally, when flood waters rose at night, we evacuated our homes. #KeralaFloods #Kerala",,,,,
AUDITV2_0013,hurricane_harvey_2017,"Historic flooding, rising death toll, homes decimated and some wanker decides its a good time to induce racial hostilities.",,,,,
AUDITV2_0014,hurricane_florence_2018,its saving the paper towels for hurricane Florence aid. A whole case of them!,,,,,
AUDITV2_0015,cyclone_idai_2019,"God, I hope the people in need are getting the aid being delivered, I want to trust my people #CycloneIdai",,,,,
AUDITV2_0016,cyclone_idai_2019,Dear Zimbabwean political cheerleaders squads. When donations come they are for victims of #CycloneIdai. They have nothing to do with your useless political parties. Stop bragging about your politicians role in sourcing any donations. Munonyadzisa manhi. Dzidzai kunyarara.,,,,,
AUDITV2_0017,hurricane_dorian_2019,St. Lucie County to open shelters Sunday,,,,,
AUDITV2_0018,canada_wildfires_2016,"RT @Norm_Farrell: Instead of $10B for F-35s, spend for a large fleet of Canadian water bombers. #cdnpoli  .",,,,,
AUDITV2_0019,hurricane_florence_2018,Someone tell me how I can help the pups affected by Hurricane Florence all the way in California!! #HurricanceFlorence #savethepuppies,,,,,
AUDITV2_0020,hurricane_irma_2017,"In #Haiti #Irma comes on heels of 3 yrs of drought, #HurricaneMatthew, compounding food insecurity, #displacement",,,,,
AUDITV2_0021,kaikoura_earthquake_2016,Pls help our furry friends #eqnz,,,,,
AUDITV2_0022,hurricane_dorian_2019,"The Great Labor Day Hurricane of 1935 killed about 500 people, among them were 259 World War I vets who were constructing the Overseas Highway and residing in government camps.",,,,,
AUDITV2_0023,canada_wildfires_2016,RT @FVine: Calgary Construction Association #CCAbuilds is donating $100k from our Building Reserve Fund to Fort McMurray Wildfire relief #y,,,,,
AUDITV2_0024,california_wildfires_2018,"#California citizens have been DEVASTATED with horrific fires for to long and has DISPLACED thousands and killed 100s ὤF ,,lets hope and pray this will end soon many are in DESPERATE need of assistance and support.. @ITALYFORRTRUMP ὤF Many AMERICANS are feeling your pain ἟A἟8⚘἟A἟8",,,,,
AUDITV2_0025,cyclone_idai_2019,"almost shed tears, This thing of Zanufizing every thing must stop. it happened in 2008 in Bikita, people died of hunger now its the same story. If we continue in this path, more people will die. For how long shall we continue to b silenced by this murderous regimeὢ2ὢD",,,,,
AUDITV2_0026,cyclone_idai_2019,"Cyclone Idai killed hundreds of people in Southern Africa. At least 600,000 people are in need of aid. Due to cultural bias and #PsychicNumbing, the event is not getting attention in western media.",,,,,
AUDITV2_0027,kerala_floods_2018,#Train18 to replace #ShatabdiExpress soon; #PV Sindhu on Forbes list of top 10 highest-paid #femaleathletes; #AirIndia seeks Rs 500 crore urgently to repay banks. Watch more in this episode of Business Wrap. #Kerala #floods #taxpayers @IndiaToday @aajtak,,,,,
AUDITV2_0028,canada_wildfires_2016,Residents see first images of homes following Fort McMurray wildfire. #D16,,,,,
AUDITV2_0029,hurricane_florence_2018,"My only issue w/ these weather channel people is they need to stop acting like a hurricane is a thinking being. Should as well stop naming them ffs. Also, WE are the ones living in their path. Not the other way around. #Florence #HurricaneFlorence2018",,,,,
AUDITV2_0030,kerala_floods_2018,"@CMOTamilNadu after going around flood damaged areas, its clear that Kerala needs abundance of fuel,vegetables, and a larger team of doctors, which have in greater number. Pls do the needful.",,,,,
AUDITV2_0031,kaikoura_earthquake_2016,IMO none of the scientists I have heard today have provided adequate explanations of what is going on in this fault. /3 #EQNZ,,,,,
AUDITV2_0032,california_wildfires_2018,"RT @WFLA: SAD UPDATE: 631 missing after North California #wildfires, death toll hits 63.",,,,,
AUDITV2_0033,canada_wildfires_2016,Comprehensive re-entry booklet for #ymm residents. No detail overlooked.,,,,,
AUDITV2_0034,canada_wildfires_2016,Alberta Wildfire Update – May 8 2016: A pink car remains among the ruins of destroyed,,,,,
AUDITV2_0035,hurricane_dorian_2019,RT @POPinDC: HURRICANE DORIAN 7 States Within The Cone,,,,,
AUDITV2_0036,california_wildfires_2018,"Rain in California means relief from wildfires -- but it is about to cause a bunch of new problems, complicating efforts to locate hundreds of missing people:  via @thinkprogress",,,,,
AUDITV2_0037,hurricane_florence_2018,"8.5 TRILLION gallons of water fell on North Carolina during #Florence. 1 gallon = 8.34 pounds That’s 35,445,000,000 TONS of water.",,,,,
AUDITV2_0038,california_wildfires_2018,RT @DailyCaller: Trump Promises ‘Safe Forests’ As He Surveys California Wildfire Damage,,,,,
AUDITV2_0039,kaikoura_earthquake_2016,What happen to the world today not giving Aid to new Zealand in need of at the time of earthquake need as the country need it,,,,,
AUDITV2_0040,california_wildfires_2018,"jfc he’s threatening to cut funding for forest management, that’s his response to an entire town being destroyed and a quarter of a million people being evacuated",,,,,
AUDITV2_0041,california_wildfires_2018,"Hear from 2 of the over 2,500 prisoner firefighters on the front lines in #California after a 24 hour shift. Theyre paid just $1 an hour to risk their lives fighting the #wildfires . #CampFire",,,,,
AUDITV2_0042,kerala_floods_2018,Red Alert issued for all 14 districts of Kerala. First time in the history 33 out of 39 dams opened. Flood and landslides in many places. Death reached 42. Very heavy Rains still continues in Kerala ! #PrayForKerala,,,,,
AUDITV2_0043,hurricane_florence_2018,"Stay strong, east coast. Help each other and dont forget your pets food, water, dishes, medication and vaccine records. If you have time, grab a favorite bed, blanket or toy. Get to safety as soon as possible. #HurricaneFlorence",,,,,
AUDITV2_0044,canada_wildfires_2016,RT @AVGivesBack: #AVtweeps Wildfire is threatening Fort McMurray communities in Alberta Canada Please help.#FortMacFire #AVGivesBack :,,,,,
AUDITV2_0045,kerala_floods_2018,Update #OpMadad - Road connectivity has been restored at 18 locations including the construction of 11 temporary bridges by @adgpi colns. Medical camps are also being run by @adgpi at various locations. #KeralaFloods2018 @nsitharaman,,,,,
AUDITV2_0046,hurricane_florence_2018,In #TheMorningNews at 6:32: Crash kills motorcyclist; Ciminelli leaves; Dems want delay on SCOTUS nominee; #Florence.,,,,,
AUDITV2_0047,canada_wildfires_2016,We dont need the help with the fireswe need the help now with food shelter and other necessities for these people,,,,,
AUDITV2_0048,cyclone_idai_2019,Where are the soldiers? This is a sick joke. The victims of the cyclone are are searching for their own dead with their bare hands. Every soldier in Manicaland should be in Chimanimani. The government is not taking this seriously. What a shame.,,,,,
AUDITV2_0049,hurricane_irma_2017,Need help after IRMA? please call The Ellsley Law Firm at 1-877-411-IRMA or visit us at,,,,,
AUDITV2_0050,cyclone_idai_2019,"Food ἳD Shelter Ἵ8️ Knowing your family are safe ❤️ Over a million lives have been devastated by Cyclone Idai. Hundreds are missing. Families across #Mozambique, #Zimbabwe and #Malawi are separated. We are helping them find each other again:",,,,,
AUDITV2_0051,california_wildfires_2018,Please continue to spread the word! People still in tents with flooding rains coming. Please pray for the health and safety of everyone affected by California wildfires! @TazKHC @FEMA @RepTedLieu #campfire #californiawildfires,,,,,
AUDITV2_0052,hurricane_irma_2017,"Returned home from #HurricaneIrma yesterday. Some damage, but cant complain. My home itself is dry and with power. #Grateful #photo",,,,,
AUDITV2_0053,kaikoura_earthquake_2016,Powerful 7.1 magnitude earthquake jolts New Zealand; prompts temporary evacuation in coast,,,,,
AUDITV2_0054,hurricane_harvey_2017,Crew put up temporary dams to block water from going over I-10. @NBCDFW #Harvey,,,,,
AUDITV2_0055,cyclone_idai_2019,Lives have been lost &amp; more may be lost. My son just telling me two Jnr golfers from Chimanimani are missing; little boys he played golf with. Homes swept away &amp; people marooned. God help us! We need each other. Let’s pray for lives 2 b spared.And mobilize support #Cycloneidai,,,,,
AUDITV2_0056,canada_wildfires_2016,Help is urgently needed! Donate to the @redcrosscanada Alberta Wildfire relief effort here:,,,,,
AUDITV2_0057,hurricane_maria_2017,Airmen assess #HurricaneMaria damage at Muniz Air National Guard Base in #PuertoRico and #evacuate civilians.,,,,,
AUDITV2_0058,hurricane_florence_2018,"Hot Coffee needed in The Carolinas, NC SC Please, help to send some coffee. #HurricaneFlorence #coffee #WilmingtonNC #WrightsvilleBeachNC",,,,,
AUDITV2_0059,hurricane_harvey_2017,"Thousands flee homes, others die &amp; drown from lack of resources.. Trumps response? What a crowd #hurricaneharvey",,,,,
AUDITV2_0060,kaikoura_earthquake_2016,"Heres a quick rundown of what our team can do to help you. Please call anytime, day or night. 0800 777 846. #eqnz",,,,,
AUDITV2_0061,hurricane_harvey_2017,Pray and consider how you can help! Hurricane Harvey,,,,,
AUDITV2_0062,kerala_floods_2018,"Kerala asks Centre for Rs 2000 cr, Centre says no. Kerala asks Centre to declare #KeralaFloods a National Disaster, Centre says no. Kerala requests Centre to accept aid offer from UAE, Centre says no. The centre sure loves to say no to Kerala!",,,,,
AUDITV2_0063,hurricane_irma_2017,"@BikeManStream Wish it would rain here, forest fires for days, plus I love a heavy rain.",,,,,
AUDITV2_0064,california_wildfires_2018,RT @_xTombStonex_: Please help us get the word out!! A RT would be enough to help us. Please please please!! @gst_global,,,,,
AUDITV2_0065,hurricane_harvey_2017,#Houston school district will give students 3 free meals a day for an entire year in wake of #Harvey flooding:,,,,,
AUDITV2_0066,california_wildfires_2018,"In recent days, Trump has threatened to cut off federal aid to California and Puerto Rico. We have 5,600 troops at the border without a mission and missing T-giving for his manufactured crisis, and a VA glitch means veterans haven’t been paid in months.",,,,,
AUDITV2_0067,kaikoura_earthquake_2016,Most we know of are reporting relatively moderate damage. One did say they broke a glass in their tasting room however!,,,,,
AUDITV2_0068,hurricane_irma_2017,"After Irma: Florida agriculture losses widespread, billions in damage - The Palm Beach Post #Drpecon",,,,,
AUDITV2_0069,hurricane_dorian_2019,We stand in prayer for those areas in the path of Hurricane Dorian. Especially our members and friends in central Florida. We stand ready to support in any way we can. One family one church. #myccc,,,,,
AUDITV2_0070,kaikoura_earthquake_2016,RT @geonet: Cant sleep? Wanna help us out? Fill out our Felt Detailed report for the M7.5 Kaikoura EQ #eqnz:,,,,,
AUDITV2_0071,hurricane_harvey_2017,UIL creating waivers for players displaced by Harvey.,,,,,
AUDITV2_0072,hurricane_dorian_2019,We hope everyone affected by Hurricane Dorian are staying safe! We’ll be looking into ways we can help following the storm. Let us know if you already know something we should be looking into! #besafe #hurricanedorian #storms #hurricane #helpingothers,,,,,
AUDITV2_0073,hurricane_dorian_2019,Just filed this story: Space Coast beachside evacuation ordered ahead of Hurricane Dorian @Florida_Today @USATODAY,,,,,
AUDITV2_0074,hurricane_irma_2017,"RT @PoloSandovalCNN: #BREAKING: A new threat is churning in the Atlantic, prompting weather watches in areas hit by Irma.",,,,,
AUDITV2_0075,hurricane_florence_2018,"I have to say the thoughts and prayers work I was worried earlier today but after checking 11:20 PM tonight I saw this about Florence. Thank positive @ Conway, South Carolina",,,,,
AUDITV2_0076,hurricane_harvey_2017,"Update from Middlebrook #ClearLake TX: rain, some wind gusts, still have power, no flooding. #HurricaneHarvey #weather #HarveyStorm",,,,,
AUDITV2_0077,kerala_floods_2018,"#KolkataBridgeCollapse #MajherhatBridge Hearts broken news. What happening in country? First 19 August Kerala flood and now broke the beach (MajherhatBridge). Please God save, those people now facing a problem.ὢ2",,,,,
AUDITV2_0078,california_wildfires_2018,"Death toll rises and more than 500 still missing, as rains douse California wildfire",,,,,
AUDITV2_0079,kerala_floods_2018,As per Mr.Saji cherian #Chengannur MLA. Kaki dam is releasing more water. So peoples in chengannur kindly move to safe place. #KeralaFloodRelief #KeralaSOS,,,,,
AUDITV2_0080,kerala_floods_2018,Mahesh anna small request kerala flood relief u gives 25 lacks i gues minimum 5 cr iam not happy tamil hero vijay gives 14 cr plz sir give 5 cr i proud to tell all heros fan to ur donetion,,,,,
AUDITV2_0081,hurricane_irma_2017,"#BREAKING: Magnitude 3.4 quake, epicenter East Foothills near Alum Rock area. 3rd small quake today in the South Bay",,,,,
AUDITV2_0082,hurricane_florence_2018,Hurricane Florence is gunning down where we live. Where would be a good place to evacuate my family need help for 2 nights @HelpforHeroes @fema @RedCross @ABC @TheDCUniverse @MarvelStudios,,,,,
AUDITV2_0083,hurricane_maria_2017,@realDonaldTrump @POTUS Please send help to our fellow US citizens suffering in Puerto Rico. You have the power to help! Youll be a hero!,,,,,
AUDITV2_0084,hurricane_maria_2017,#HurricaneMaria is still churning towards the East Coast #weather,,,,,
AUDITV2_0085,hurricane_dorian_2019,"@Publix is so awesome! They’ve responded magnificently to the hurricane. All the shelves are stocked full of everything, including water. @Publix, thank you! #HurricaneDorian #Dorian",,,,,
AUDITV2_0086,canada_wildfires_2016,"@flyPAL Hello Vancouver Office you havent answered our emails and phone calls, are you not even lifting a finger for YMM wildfire victims?",,,,,
AUDITV2_0087,kaikoura_earthquake_2016,Stay safe family 7.1 magnitude earthquake aint no joke,,,,,
AUDITV2_0088,hurricane_florence_2018,"Water is up in the Reedy River after a few days of rain from Hurricane Florence. Still, pretty sure this isn’t the greatest idea in the world. But they avoided the rocks and came out",,,,,
AUDITV2_0089,canada_wildfires_2016,"Dear Russia, mexico and USA .. Please invade and help us anyway. We DO need the extra assistance in #ymmfire",,,,,
AUDITV2_0090,hurricane_irma_2017,"Clay County District Schools and District offices will remain closed on Wednesday, September 13th, due to #HurricaneIrma damage.",,,,,
AUDITV2_0091,hurricane_maria_2017,The actual number of deaths following the devastating hurricane is not being reported by the government,,,,,
AUDITV2_0092,hurricane_florence_2018,Sad to hear 11 people passed away during #HurricaneFlorerence. I send my thoughts and prayers to the victims families and friends #MondayThoughts #Monday #HurricaneFlorence2018 #HurricaneFlorerence #Hurricane #Florence #FlorenceNC #FlorenceSC #Weather #NC #SC #USA #US #RIP ὤF,,,,,
AUDITV2_0093,hurricane_maria_2017,Puerto Ricos cop telling the truth about Hurricane Marias aidthis is terrible @realDonaldTrump. Mayor is evil!,,,,,
AUDITV2_0094,hurricane_dorian_2019,@bc_philanthropy @Drea_dawn78 I live in a camper and need help getting a generator before Dorian hits land. Any help appreciated. $Gabrat66. Can send proof,,,,,
AUDITV2_0095,california_wildfires_2018,How To Help The #CaliforniaWildfires people #LAFires #CaliforniaFires #CaliforniaWildfires  @LAPDChiefBeck @LACoFDPIO @SenSanders @SenatorDurbin @jeremycorbyn @JustinTrudeau @SanaSaeed @RashidaTlaib,,,,,
AUDITV2_0096,hurricane_maria_2017,Hurricane Maria: Storm lashes Dominican Republic after Puerto Rico #mari,,,,,
AUDITV2_0097,kaikoura_earthquake_2016,@CaritasNZ part of NGO Disaster Relief Forum &amp; is coordinating with members &amp; Ministry of Civil Defence Emergency Management #eqnz,,,,,
AUDITV2_0098,canada_wildfires_2016,"In the midst of tragedy, how wonderful it is to see the compassion extended toward wildfire victims and evacuees.",,,,,
AUDITV2_0099,hurricane_harvey_2017,"As of now death toll is up to 39. OUR HEARTS AND PRAYERS GO OUT TO THE PPL IN TEXAS, FOR THE HEROS WHO SAVED LIVES, AND THOSE WHO LOST LIVES",,,,,
AUDITV2_0100,hurricane_dorian_2019,@IamOnlyBetty Dorian is a category 5 and already done major damage to the Bahamas. They keep saying it’s gonna go around Florida and head straight to the Carolinas but the size of Dorian and the direction is going is saying otherwise,,,,,
AUDITV2_0101,hurricane_irma_2017,A mild intensity earthquake of magnitude 5.2 hit the Andaman Islands at around 5:41 a.m. on Wednesday. No damage,,,,,
AUDITV2_0102,kerala_floods_2018,"Congress President @RahulGandhi met with victims of the #KeralaFloods at the Relief Camp set up at the Engineering College, Chengannur in Kerala. #RebuildingKerala",,,,,
AUDITV2_0103,california_wildfires_2018,203 people are still missing from northern Californias deadliest and most destructive wildfire in modern history. The death toll stands at 88.,,,,,
AUDITV2_0104,kerala_floods_2018,@narendramodi STARTING FROM TOMORROW THINKERS AND PLANNERS MUST DRAW BLUEPRINTS BASED ON VIDEOS/ PHOTOS.. NO NEW #BRIDGE MUST BE BUILT WHERE #WATER DURING #FLOODS WILL GO OVER THE BRIDGE.. ALL #TRAIN TRACKS WHICH WERE SUBMERGED MUST BE RAISED ..,,,,,
AUDITV2_0105,hurricane_dorian_2019,@realDonaldTrump @Lady1776 Please do whatever you can do to assist Bahamian Govt. They have been obliterated. They need our help. I dont know what will happen when Dorian gets to us but I see what it has already done. I pray for ALL!,,,,,
AUDITV2_0106,kaikoura_earthquake_2016,RT @1NewsNZ: People turn to social media for help as tourists are caught up in earthquake.,,,,,
AUDITV2_0107,hurricane_maria_2017,Flood water can kill you in many ways. Please be careful. #Hurricane #Safety #waterislife #mniwiconi,,,,,
AUDITV2_0108,cyclone_idai_2019,"The deafening silence by SADC Secretariat on Cyclone Idai that hit Mozambique, Zimbabwe and Malawi that left many dead and destroyed lots of property is shocking. By now The Secretariat could have convene to discuss interventions. Chairman Namibia is futile and sleeping !",,,,,
AUDITV2_0109,hurricane_harvey_2017,RT @JohnBridges: San Marcos River approaching major flooding at Luling. #harvey,,,,,
AUDITV2_0110,california_wildfires_2018,Retweet this with the hashtag #retweet4good and State Farm will donate a dollar towards the California fire recovery. Please retweet with the hashtag ♥️,,,,,
AUDITV2_0111,hurricane_harvey_2017,"Items that are needed are clothes, food, and toiletries. Baby items and food. Anything that is useful, everything helps. #Austin #harvey",,,,,
AUDITV2_0112,hurricane_dorian_2019,@Jimrosehuskers @FSUFootball That Boise State QB did more damage to FSU than Dorian will end up doing to any of the state of Florida,,,,,
AUDITV2_0113,hurricane_maria_2017,"Recovering from #HurricaneMaria, a few tips and links to resources to help make the task less burdensome:  #hurricane",,,,,
AUDITV2_0114,cyclone_idai_2019,"The magnitude of the cyclone should`ve prompted the responsible authorities to act or at least firmly warn people so that those that could,would move to safer areas or be with their relatives elsewhere.Anyway now its a little too late for all that. #CycloneIdaiZW",,,,,
AUDITV2_0115,canada_wildfires_2016,"As we continue to support our employees &amp; those evacuated in the #ymmfire, share this article w/ others affected.",,,,,
AUDITV2_0116,cyclone_idai_2019,"Aid workers widen search for Mozambique cyclone survivors, death",,,,,
AUDITV2_0117,hurricane_dorian_2019,"How is this possible, given the horrors we witnessed after Irma? Hundreds of Floridas nursing homes and elder care facilities still dont meet all of the requirements for emergency power plans under state law.",,,,,
AUDITV2_0118,hurricane_harvey_2017,@realDonaldTrump Thank you Gen. John Kelly for running the #Harvey relief.,,,,,
AUDITV2_0119,canada_wildfires_2016,#ymmfire #FortMacFire Alberta government has approved emergency funding for wildfire evacuees $1250 per adult and $500 per dependent.,,,,,
AUDITV2_0120,cyclone_idai_2019,His Highness the Amir of the State of Kuwait ἟0἟C Sheikh Sabah Al-Ahmad Al-Jaber Al-Sabah has sent a message of condolence to the President of the Republic of Mozambique and to His Excellency the President of the Republic of Zimbabwe and the people affected by #cycloneIdai,,,,,
AUDITV2_0121,hurricane_dorian_2019,The creativity of this #PostcardsToVoters community inspires me! 20 more postcards for #AllenThomasForCongress. Hope they get there before Hurricane Dorian. Sending out prayers for all in the path of the hurricane. Please stay safe!,,,,,
AUDITV2_0122,canada_wildfires_2016,NS woman whose home was destroyed in ’08 wildfire says life gets better #RT,,,,,
AUDITV2_0123,canada_wildfires_2016,"RT @MBGovNews: For further general information on #Manitoba wildfires, go to  #mbfire",,,,,
AUDITV2_0124,hurricane_irma_2017,Our thoughts with Florida and victims of hurricane #Irma #NowPlaying La Vie En Rose -,,,,,
AUDITV2_0125,hurricane_florence_2018,RT CHellerTVNews: .LACOFD asking for all swift water response team members to report for possibly deployment out east. #HurricaneFlorence,,,,,
AUDITV2_0126,california_wildfires_2018,To help put in perspective the Camp Fire in California is 223 square miles. This map is what it would look like if that fire was here in Foxborough. Foxborough is approximately 20sq miles.,,,,,
AUDITV2_0127,canada_wildfires_2016,RT @511Alberta: #ABEmergencyAdvisories: Severe thunderstorm warning in effect for Red Deer and surrounding areas. The wildfire co :,,,,,
AUDITV2_0128,canada_wildfires_2016,Positive thoughts f/homeowners in Fort McMurray as evacuees begin return in June and the rebuild starts!  #gpab #ymm,,,,,
AUDITV2_0129,hurricane_dorian_2019,Thank God it didn’t do as bad damage to my island this year as when Irma and Maria did. ὤFἿD #VISTRONG ἟B἞E,,,,,
AUDITV2_0130,hurricane_maria_2017,US Navy evacuates residents from storm-devastated Dominica  Days after Hurricane Maria levelled countless buildings,,,,,
AUDITV2_0131,hurricane_irma_2017,"@washingtonpost  judge for yourself , notice the # of deaths compared to Harvey and Irma.",,,,,
AUDITV2_0132,kerala_floods_2018,AP CM @ncbn Conducts Aerial Survey of Flood Hit Areas in East Godavari Watch Video:  #NtvTelugu #EastGodavari #Floods #CBN #TDP #AndhraPradesh #Ap,,,,,
AUDITV2_0133,cyclone_idai_2019,"One week later, thousands of people remain missing across Mozambique, Malawi, and Zimbabwe. Millions of others across have been left destitute without food or basic services..",,,,,
AUDITV2_0134,canada_wildfires_2016,"#Wildfires spark evacuation order, state of emergency near Fort St. John - British Columbia - CBC News  | #BCwildFire",,,,,
AUDITV2_0135,hurricane_dorian_2019,#HurricaneDorian #DAT NEED HELP EVACUATING?  @reddogsusie @leighjalland @msmorgan1968 @EMluvsPibbles @samjarvis49 @Rehflocke @ChaliceGarden @Barbi_Twins @goode_hurt @BadProductionz @MY_BORDERCOLLIE @indigosky42 @Kiwi_CGFX @BCWildfireWkly @jr3597,,,,,
AUDITV2_0136,hurricane_florence_2018,TigerSwan is looking for self sufficient Risk Management Consultants to assist with Hurricane Florence on a short-term basis. #riskmanagement #operations #hurricane Check out the posting below!,,,,,
AUDITV2_0137,hurricane_florence_2018,"Hurricane Florence is a climate change triple threat -@MichaelEMann If we don’t act on CLIMATE CHANGE, the DESTRUCTION potential of slow-moving storms such as Harvey and Florence will only GET WORSE.",,,,,
AUDITV2_0138,kaikoura_earthquake_2016,RT @Kiwiseabreeze: Save the #eqnz cows!,,,,,
AUDITV2_0139,california_wildfires_2018,"a lot of sad events are happening right now, especially in my state of California. There are multiple ENORMOUS wildfires destroying homes and property that carry familys entire lives. You and I can help those in need here:  Please consider helping out♡",,,,,
AUDITV2_0140,kerala_floods_2018,#Kerala #Flood 2018 #LIVE #Updates: Heavy #rain alert in some areas over 24 hours as focus shifts to restoration; 210 dead so far,,,,,
AUDITV2_0141,hurricane_florence_2018,"Firefighters came together to pray for a mother and baby killed during Hurricane Florence, which left a total of at least 11 people dead",,,,,
AUDITV2_0142,canada_wildfires_2016,#Canadian #grocers @LoblawsON @saveonfoods @sobeys &amp; @WalmartCanada providing support to those affected by #YMMFire,,,,,
AUDITV2_0143,hurricane_florence_2018,Our thoughts and prayers are with all those on the East Coast who have been affected by the harsh condition created by Hurricane Florence. We are especially holding close the Lumbee Tribe of North Carolina and other tribal peoples as recover and healing efforts take shape.,,,,,
AUDITV2_0144,hurricane_maria_2017,The center of Hurricane #Maria is forecast to pass just west of a NOAA tsunami buoy sunrise Tues. Latest Pic:,,,,,
AUDITV2_0145,hurricane_harvey_2017,FIVE TORNADO WARNINGS AT ONCE??? SCREW YOU #HurricaneHarvey ὢC,,,,,
AUDITV2_0146,cyclone_idai_2019,"Well, I suppose it’s rather tough to hold out a begging bowl for aid when you hop around the world and between Harare &amp; Bulawayo in supremely luxurious private jet. Ὀ5ἿC",,,,,
AUDITV2_0147,hurricane_dorian_2019,Video: Catestrophic destruction from #HurricaneDorian inside a house with an infant in the #Bahamas ὢ5 #Dorian #HurricaneDorian2019,,,,,
AUDITV2_0148,hurricane_dorian_2019,"If you receive #SocialSecurity paper checks, #USPS will try to deliver checks in the affected hurricane areas early. Get up to date reports on service disruptions here:  #HurricaneDorian",,,,,
AUDITV2_0149,hurricane_florence_2018,From Evacuation to Devastation From Hurricane Florence:  via @YouTube,,,,,
AUDITV2_0150,hurricane_irma_2017,RT @NHC_Atlantic: Extreme Wind Warning issued for SW Collier County FL for winds in the eyewall of #Irma @NWSMiami,,,,,
AUDITV2_0151,cyclone_idai_2019,Lessons from floods in 2015 helped #Malawi residents and aid groups act quickly to prepare for #CycloneIdai:  #preparedness @newhumanitarian,,,,,
AUDITV2_0152,kerala_floods_2018,2nd IAG EMERGENCY CO-ORDINATION MEETING FOR IDUKKI IS SCHEDULED TODAY i.e. 4TH SEP 2018 | 3PM TO 5PM #KeralaFlood #RebuildKerala,,,,,
AUDITV2_0153,cyclone_idai_2019,"#MSF teams are continuing to walk &amp; crossing foot bridges in an outreach program to assess health needs in hard to reach areas like Ngorima clinic in Copper #Chimanimani where bridges, homes, shops &amp; police post were destroyed by #CYCLONEIDAI",,,,,
AUDITV2_0154,hurricane_florence_2018,Barre woman spearheads Hurricane Florence relief effort,,,,,
AUDITV2_0155,hurricane_maria_2017,Its going to take a lot more than thoughts and prayers to make this better,,,,,
AUDITV2_0156,hurricane_harvey_2017,#Houston Muslim group leader👉🏼mosques will shelter #Harvey victims through #EidAlAdha holiday. We will pray in the parking lot instead😢🇺🇸,,,,,
AUDITV2_0157,kerala_floods_2018,"How could I even think of making him PM? In the amidst of Kerala flood where people cannot be located whether dead or alive, this man is touring Europe.",,,,,
AUDITV2_0158,california_wildfires_2018,"Heavy rain is forecast in California beginning today, including in areas recently devastated by wildfires, making the risk of mudslides and flash flooding high. Make sure to heed all evacuation orders by local officials, and please stay safe.",,,,,
AUDITV2_0159,kerala_floods_2018,#Uttarkhand Floods 2013 - 5748 deaths Central Govt : CONGRESS Sanctions only 1000 Cr . ------------------------------- . #KeralaFloods 2018 - 357 Deaths Central Govt : BJP Sanctions 920 Cr + 2L for Death / 50K for Injured + Scheme Benefits + each states contribution.,,,,,
AUDITV2_0160,california_wildfires_2018,"In other space news, heres a little exclusive on how Californias Office of Emergency Services turned to @planetlabs for satellite imagery to help fight the Camp and Woolsey Fires",,,,,
AUDITV2_0161,california_wildfires_2018,"Hey @PK514, I really miss you so much and its been awhile right after the wildfires in California, but I hope you and @Mr_Mikeyv are okay, right now!!! ὤ2",,,,,
AUDITV2_0162,hurricane_harvey_2017,Houston flooding as seen from space. #Houston #Harvey #HoustonStrong #HoustonFloods @NASA #NASA #TexasStrong #TexasFloods #space,,,,,
AUDITV2_0163,california_wildfires_2018,"Reminder that California’s wildfires are being fought with slave labor, and that the prison system exists for this purpose alone.",,,,,
AUDITV2_0164,hurricane_florence_2018,"Hurricane Floyd in 99 smacked North Carolinas hog industry: 21,500 swine were killed and 50 waste lagoons overflowed. Hurricane Florence is poised to be far worse.",,,,,
AUDITV2_0165,kerala_floods_2018,"Basic health requirements are still in crisis in various parts of the region. Water is not potable even from the wells and cant be use for any purpose. #KeralaFloods To lend your support, please visit",,,,,
AUDITV2_0166,hurricane_irma_2017,Scenes from flood damage in Nassau county in the #Jacksonville area. Flood waters in the 3-4 foot range #Irma,,,,,
AUDITV2_0167,hurricane_irma_2017,"Miss America 2018 Is Dedicated To Hurricane Irma Victims, In A Heartwarming Show Of Support – Gears Of Biz",,,,,
AUDITV2_0168,canada_wildfires_2016,Cash or a house – a tough choice for wildfire victims @,,,,,
AUDITV2_0169,hurricane_harvey_2017,"RT @JMilesKHOU: 2 more possible deaths in floodwaters. Unconfirmed, says @SheriffEd_HCSO #khou11 #harvey",,,,,
AUDITV2_0170,hurricane_dorian_2019,"After Irma deaths, 60% of nursing homes still don’t have 4 days of backup power for AC #HurricaneDorian #Dorianflorida",,,,,
AUDITV2_0171,canada_wildfires_2016,RT @BiancaJagger: Deeply saddened by the destruction cased by the #wildfire in #FortMcMurray. My thoughts &amp; prayers r with the victims http,,,,,
AUDITV2_0172,kerala_floods_2018,"Curious. What does it to take to declare a national tragedy? #KeralaFloods --estimated 1 million people displaced --11/14 districts seeing super excess rain --most of the state without electricity, drinking water --schools/colleges shut -- @RailMinIndia moving water trains",,,,,
AUDITV2_0173,hurricane_irma_2017,"As similar as paths appear to be, big difference should be lower rain totals in NC from faster moving storm. #Irma #matthew killed 22 in NC",,,,,
AUDITV2_0174,kaikoura_earthquake_2016,Swathes of coastal NZ has scary evacuation sirens blaring. But predicted 5m waves isnt the same as Japans 39m whopper in 2011.,,,,,
AUDITV2_0175,hurricane_dorian_2019,"Im pretty bummed out. Hurricane Dorian is wiping out peoples homes in the Bahamas and leaving many dead. A climate crisis isnt the future, its the present. And nobody in power seems to give a damn or do anything about it.",,,,,
AUDITV2_0176,cyclone_idai_2019,"Almost 5,000 children in Mozambique were separated from their parents by Cyclone Idai, says the UN. No one knows exactly how many people are missing yet. Thousands of people are still in camps waiting for floodwaters to recede and communication to be restored.",,,,,
AUDITV2_0177,hurricane_florence_2018,Not a fan - Drinking a Coastal Evacuation with Brett by @CapeMayBrewCo at @capemaybrewco —,,,,,
AUDITV2_0178,hurricane_dorian_2019,Mayor John Tecklenburg has declared a state of Emergency for the City of Charleston ahead of Hurricane Dorian. | City of Charleston declares state of emergency ahead of Dorian&gt;&gt;,,,,,
AUDITV2_0179,kaikoura_earthquake_2016,"FFS!!! Earthquakes, tsunami evacuations, now floods have cut off from the rest of NZ. Over it. #eqnz #breaking",,,,,
AUDITV2_0180,hurricane_dorian_2019,Mapping tools for #Hurricane #Dorian have been created by @columbia_ncdp to aid responders and NGOs in identifying and meeting the needs of vulnerable populations. #EMGTwitter #HurricaneDorian #HurricaneDorian2019,,,,,
AUDITV2_0181,cyclone_idai_2019,"News coming from Chimanimani, Zimbabwe says #CycloneIdai has hit St. Charles Lwanga, Catholic School. A rock rolled from mountain and hit the dinning hall which collapsed onto a dormitory Reports are that some students have been rescued but there are fears of loss of. We pray",,,,,
AUDITV2_0182,hurricane_maria_2017,Have Kids Decorate Their Safe Spot for Storms  #hurricaneIrma #hurricaneHarvey #hurricaneMaria,,,,,
AUDITV2_0183,hurricane_maria_2017,@realDonaldTrump thier are people dying because of Hurricane Maria and now because of you.Kids are going to bed hungry scared praying for the USA to help.,,,,,
AUDITV2_0184,kaikoura_earthquake_2016,"RT @ali_bateman: Beautiful country, great people. Cant believe this has happened again! NZ earthquake #eqnz",,,,,
AUDITV2_0185,hurricane_harvey_2017,Dramatic before-and-after photos show Hurricane Harveys terrifying destruction.,,,,,
AUDITV2_0186,california_wildfires_2018,"#CampFire #evacuation orders and warnings for Monday, November 19",,,,,
AUDITV2_0187,hurricane_harvey_2017,Video: Group helps rescue neighbors dog from #harvey flooding.,,,,,
AUDITV2_0188,hurricane_irma_2017,"Yall forgot that mudslide in Sierra Leone that killed like 500 people and displaced 20,000 from their homes",,,,,
AUDITV2_0189,canada_wildfires_2016,RT @CBCNorth: Justin Trudeau in Fort McMurray touring wildfire-destroyed areas and meeting slayers of the beast,,,,,
AUDITV2_0190,hurricane_harvey_2017,Cardinals WR Brittan Goldens Texas home dangerously close to flooding  via #12News #birdgang #Harvey #football,,,,,
AUDITV2_0191,cyclone_idai_2019,"Ko ainge amboendereyiko, this person is clueless. This cyclone Idai was predicted and it killed many people in South Africa and Mozambique so why did edmnangagwa decided to go to Abu Dhabi during such a catastrophic time.",,,,,
AUDITV2_0192,hurricane_harvey_2017,"The damage done by #Harvey is mind boggling, but the people affected continue to persevere.",,,,,
AUDITV2_0193,hurricane_harvey_2017,BRIEF-DCT Industrial Trust reports no significant damage from Hurricane Harvey,,,,,
AUDITV2_0194,kaikoura_earthquake_2016,New Zealand: New Zealand: Earthquake Information bulletin n° 1 #humanitarian #newzealand #auckland,,,,,
AUDITV2_0195,canada_wildfires_2016,"RT @wicary: Businesses grapple with growing wildfire risks, @smccarthy55 @j2nelson report (b/h paywall)  #cdnecon",,,,,
AUDITV2_0196,hurricane_harvey_2017,"Please keep those affected by Hurricane Harvey in your thoughts during this difficult time. If you are able,",,,,,
AUDITV2_0197,canada_wildfires_2016,"RT @MikeOGlobal: Wind gusts are hampering efforts to fight the Fort McMurray wildfire, now 85,000 hectares in size. #ymmfire",,,,,
AUDITV2_0198,canada_wildfires_2016,RT @wildlandfireAZ: RT @PCIAA: In a wildfire evacuation pets have needs too-build a kit for your animals today #WildfirePrepDay,,,,,
AUDITV2_0199,hurricane_irma_2017,I feel like extreme couponers could bring more aid to Irma victims than the actual government could,,,,,
AUDITV2_0200,cyclone_idai_2019,There are more ambulances parked at Mugabe’s Residence Right now than the ones helping citizens affected by #CycloneIdai. That’s how useless Zimbabwean leadership is ὡE,,,,,
AUDITV2_0201,california_wildfires_2018,"The fires in California is a major health issue.Smoke and ash can be harmful to health, even people who are healthy. People at higher risk include those with lung diseases, children and older adults. Stay indoors. If you have a life threatening Emergency Call 911 Immediately!",,,,,
AUDITV2_0202,cyclone_idai_2019,"Dramatic footage from rescuers in Mozambique has been released, as Cyclone Idai leaves hundreds dead and many more trapped by rising flood waters",,,,,
AUDITV2_0203,hurricane_harvey_2017,Residents along Texas coast prepare for Hurricane Harvey,,,,,
AUDITV2_0204,kerala_floods_2018,"4000 families in 400 villages across #Nagaland have been evacuated in the wake of heavy rains, #floods and power cuts.",,,,,
AUDITV2_0205,hurricane_irma_2017,@CoachJimBoone Im so glad I got to meet u! Loved both of your talks. Sorry I couldnt talk on breaks having to deal w my gym. Got destroyed in Irma,,,,,
AUDITV2_0206,hurricane_irma_2017,"Hurricane Irma has been downgraded to a tropical storm, but its still carving a deadly path through the US. @tomsteinfort #9News",,,,,
AUDITV2_0207,california_wildfires_2018,"Please stay tuned this next week! The nicest people ever whom I lived one ridge away from before moving to Humboldt, lost their home and studio to the Camp Fire” that destroyed Paradise,",,,,,
AUDITV2_0208,hurricane_florence_2018,USACE has deployed 3 Deployable Tactical Operations Center Vehicles for Hurricane #Florence to assist with communication capabilities. Unfamiliar with a DTOS? Learn about their capabilities in this video from last years responses:,,,,,
AUDITV2_0209,hurricane_maria_2017,"Damage caused by #HurricaneMaria in #PuertoRico is seen everywhere, especially to trees, lights, and power poles as well as this overpass",,,,,
AUDITV2_0210,kerala_floods_2018,@BhuviOfficial Please help Kerala ..we are suffering from flood we need your kind Help as. Soon as possible,,,,,
AUDITV2_0211,hurricane_harvey_2017,"RT @opalessense: A #WarningὪ8Ὢ8Ὢ8Ὢ8Ὢ8 NOW, WHERE WAS EVACUATION NOTICE PRYOR TO ARRIVAL OF #HurricaneHarveyἙ8️Ἑ8️Ἑ8️Ἑ8️Ἑ8️",,,,,
AUDITV2_0212,canada_wildfires_2016,Prime Minister Trudeau will visit Fort McMurray to view the wildfire damage on Friday.,,,,,
AUDITV2_0213,hurricane_dorian_2019,Mandatory evacuation because of hurricane Dorian. All packed &amp; heading out ☹️,,,,,
AUDITV2_0214,hurricane_florence_2018,"#hurricaneflorence could unleash storm surge damage on nearly 759,000 homes. Thinking of all those nervously awaiting its impending arrival.",,,,,
AUDITV2_0215,kaikoura_earthquake_2016,OMG. There are some shitbags out there. Looting houses after people evacuate from earthquake. #eqnz @TV3nz @PaulHenryShow,,,,,
AUDITV2_0216,hurricane_florence_2018,Fuck this piece of shit thousands of people died because of your incompetence,,,,,
AUDITV2_0217,hurricane_florence_2018,Please pray for the Victims of the storm! Already 12 are dead!,,,,,
AUDITV2_0218,hurricane_dorian_2019,"@virtualgina @LewTurner Thank you. Were in a DO NOT EVACUATE area unless its Cat 3 or higher, coz no flood risk. (Keep roads and shelters clear for those who need them.) Were battened down and provisioned   for whenever #Dorian gets here. If it gets here.",,,,,
AUDITV2_0219,hurricane_harvey_2017,Hurricane #Harvey is a dangerous storm on the verge of being a Major Hurricane. Powerful wind &amp; storm surge but deadly flooding rains,,,,,
AUDITV2_0220,california_wildfires_2018,"Relentless California wildfires leave 82 dead, almost 700 unaccounted for - ABC News",,,,,
AUDITV2_0221,kerala_floods_2018,Hardly 30 people died !!,,,,,
AUDITV2_0222,canada_wildfires_2016,"Alberta Premier says around 5,500 Fort McMurray wildfire evacuees are staying in reception centers, government seeking housing solutions -",,,,,
AUDITV2_0223,california_wildfires_2018,"RT @Tiredearth: California Wildfires: More than 1,000 Missing and at Least 71 Killed in Deadly Camp Fire",,,,,
AUDITV2_0224,canada_wildfires_2016,"Yes, applauding destruction of personal property for your ends continues to be a smart way to go. #yymfire #Cdnpoli",,,,,
AUDITV2_0225,hurricane_dorian_2019,RT @KyleWJCL: #hurricanedorian UPDATE: Coastal evacuations starting at NOON.,,,,,
AUDITV2_0226,hurricane_dorian_2019,"As Hurricane Dorian churns toward the U.S., @DHSMcAleenan and @DHSgov plan to divert hurricane relief funds toward border detentions and deportation. Do they know how irresponsible that is?",,,,,
AUDITV2_0227,hurricane_florence_2018,We survived #Florence with little in the way of damage. The Little Sugar Creek did overflow it’s banks and made it up to the bend in our short nature trail. The first pic shows just how,,,,,
AUDITV2_0228,kerala_floods_2018,The inside of an @IndianNavy Dhruv that picked up separate loads of nstranded persons from Chalakudy &amp; Aluva. #KeralaSOS,,,,,
AUDITV2_0229,california_wildfires_2018,"Shoutout to celebrity chef Guy Fieri, who has been dedicating his time to help feed first responders working to fight the California wildfires! Thank you Guy Fieri!!! ὠEὄDἿB",,,,,
AUDITV2_0230,california_wildfires_2018,"@datgirlwholived If you build your million dollar home on a hill surrounded by trees in very dry California, where tens of millions of illegal aliens are sucking up the badly needed water, you shouldnt be surprised when a fast moving wild fire comes through, and burns the shit to the ground!",,,,,
AUDITV2_0231,hurricane_harvey_2017,"Tropical Storm Harvey makes landfall again, this time in Southern Louisiana. Flash floods and 10in of rain threatens New Orleans #kushelecon",,,,,
AUDITV2_0232,cyclone_idai_2019,Its not time for blame game.Chimanimani people are in desperate need for help.lets join our hands #CycloneIdai,,,,,
AUDITV2_0233,california_wildfires_2018,RT @janattheocean: LISTEN UP THEY NEED OUR HELP,,,,,
AUDITV2_0234,hurricane_irma_2017,a huge shoutout to our military troops and police officers whove been giving out free food to all those recovering from irma,,,,,
AUDITV2_0235,kaikoura_earthquake_2016,#RIP to the two people who died in last nights earthquake #eqnz o,,,,,
AUDITV2_0236,hurricane_florence_2018,"Black citizens in hurricane affected areas, exercise your second amendment rights against anti-Black terrorists who are trying to use the Hurricane Florence disaster as an opportunity to racially cleanse” those areas",,,,,
AUDITV2_0237,hurricane_maria_2017,"Call your Senators, we must approve an aid package tonight! Not in 2/3 weeks, people are dying right now. We can stop that",,,,,
AUDITV2_0238,california_wildfires_2018,"RT @BadassTeachersA: They drove through hell. Without these educators, the death toll would have been even higher. These communities htt",,,,,
AUDITV2_0239,canada_wildfires_2016,@FDNY Please help with with the Fort McMurray wildfire #FortMacFire #FortMcMurray #ymm #ymmfire #AlbertaStrong,,,,,
AUDITV2_0240,kerala_floods_2018,"#Keralafloods | @arunjei goes looking for the stories he has grown up with in Vazhathope, his village in Idukki district that has borne the brunt of the floods, and finds a river at peace amidst the wreckage all around",,,,,
AUDITV2_0241,cyclone_idai_2019,"#Mozambique at #Buzi bridge /River at #Espungabera area on Saturday 16/3 river flooded after heavy rain in Zimbabwe-Mozambique sides due to #CycloneIdai - on way to Beira water has taken away lives, displaced thousands and wrecked havoc",,,,,
AUDITV2_0242,canada_wildfires_2016,Alberta Wildfire - Animal Rescue Update: Bella (ASPCA)The Alberta SPCA has been posting daily updates on the,,,,,
AUDITV2_0243,kaikoura_earthquake_2016,Tankers will be refilling the reservoirs but this will only keep up with drinking supply. U will need to continue conserving water 2/2 #eqnz,,,,,
AUDITV2_0244,hurricane_irma_2017,"Hurricane Irma’s ‘unsung heroes’: Amid chaos, school workers kept shelters running",,,,,
AUDITV2_0245,kaikoura_earthquake_2016,"RT @gtiso: I take it back, mother nature. If there is one thing I can go along with, it is the upending of golfing supplies.",,,,,
AUDITV2_0246,hurricane_maria_2017,"RT @CavaliersViews: #ClevelandCavaliers #ALLinCLE #AllforOne Hurricane Marias death toll, crisis grow in Puerto Rico",,,,,
AUDITV2_0247,hurricane_dorian_2019,I helped out a homeless man when we was in need during Hurricane Dorian. I gave him some money for some food. I hope I helped him out and that his life gets better for him. Heres the link to the video;,,,,,
AUDITV2_0248,cyclone_idai_2019,Many families have been separated or lost contact during #CycloneIdai. We’re training volunteers to be able to assist families affected by #CycloneIdai in #Mozambique to search for their relatives and restore #familylinks.,,,,,
AUDITV2_0249,hurricane_irma_2017,Pass it on: What to Do with Firearms and Ammunition Affected by Flood Waters |,,,,,
AUDITV2_0250,hurricane_irma_2017,Thank you God for keeping me #Grounded and #Humble ὤFἿB During our last #Irma Evacuation I,,,,,
AUDITV2_0251,hurricane_maria_2017,Congresswoman Debbie Wasserman-Schultz meets with Puerto Rican business leaders in Broward about #HurricaneMaria relief @nbc6,,,,,
AUDITV2_0252,hurricane_maria_2017,RT @DominicaGirl: Hurricane Maria destroyed my country! Ppl have died and many are injured. The only hospital was damaged. Patients in need,,,,,
AUDITV2_0253,kerala_floods_2018,#BREAKING : #KeralaFloods case: #SupremeCourt orders to maintain water level at 139.99 feet in #MullaperiyarDam till August 31. #WeForNews,,,,,
AUDITV2_0254,hurricane_maria_2017,WATCH LIVE: @FEMA and #DoD officials provide an update on #HurricaneMaria relief efforts at 8:30 a.m. EDT on .,,,,,
AUDITV2_0255,hurricane_irma_2017,We have a senior adult couple that sustained heavy flood damage to their home who has some needs today: moving,,,,,
AUDITV2_0256,canada_wildfires_2016,Fort McMurray wildfire: will cooler temperatures bring relief? Find out at the 11 AM update. #ymmfire #ymm #yeg,,,,,
AUDITV2_0257,hurricane_irma_2017,Headline is BS! They rescinded aid because they now need it for their own country not because of Trump. Read the article!,,,,,
AUDITV2_0258,hurricane_florence_2018,RT @10thCAB: #PSA from the #FAA: Understand that the airspace is actively being used for rescue efforts and must be kept clear to ensure the safety of crews and potentially the individuals on board who may be receiving medical attention. #HurricaneFlorence,,,,,
AUDITV2_0259,hurricane_maria_2017,The people devastated by #HurricaneMaria in Puerto Rico need your help. They are Americans too! Wtf is wrong with you?! #FakePresident,,,,,
AUDITV2_0260,canada_wildfires_2016,Video and pics of Mondays Fort McMurray wildfire damage media tour. #ymmfire #yeg #ymm,,,,,
AUDITV2_0261,canada_wildfires_2016,"Smelling Smoke in #BdnMB today? It would seem the wind has brought some of that Wildfire smoke our way, no air quality warning yet. #Smoke",,,,,
AUDITV2_0262,canada_wildfires_2016,@MusicForRelief hey we could use some of your relief up here in Fort McMurray Alberta to help the evacuees of the wildfireὡE #ymmfire,,,,,
AUDITV2_0263,cyclone_idai_2019,"Im crying blood for my missing children. Even though #CycloneIdai hit Mozambique over a week ago, aid agencies are warning that the disaster is getting worse. @shingainyoka was in Chimanimani in Eastern Zimbabwe, one of the worst affected areas.",,,,,
AUDITV2_0264,hurricane_florence_2018,RT @1sportsfanatic: List Of Hurricane Florence Pet Friendly Shelters,,,,,
AUDITV2_0265,hurricane_maria_2017,RT @jbrownedianis: Help is needed. #PuertoRico,,,,,
AUDITV2_0266,hurricane_maria_2017,"Learn from our children. Slowly but surely Puerto Rico will be Back!!! Hurricane Maria Adios, now back to work!!!",,,,,
AUDITV2_0267,kerala_floods_2018,#KeralaFloods : Why #dams cannot control #devastating floods #HTAnalysis by,,,,,
AUDITV2_0268,hurricane_irma_2017,Water being dropped fighting the fire in the Arcata Community forest. Follow the Lumberjack for more information.,,,,,
AUDITV2_0269,kaikoura_earthquake_2016,RT @mattedwords: No good shouting warnings on twitter at 2am- New Zealand needs a comprehensive WORKING tsunami warning siren system #eqnz,,,,,
AUDITV2_0270,hurricane_florence_2018,Rivers Keep Rising and More Deaths Are Feared as #Florence Pushes Away,,,,,
AUDITV2_0271,kaikoura_earthquake_2016,#earthquake:NZ 7.1!! SHIT!!ὢE ὣ1!! PLEASE HELP THE PEOPLE LIVING OFF THE COAST!!,,,,,
AUDITV2_0272,california_wildfires_2018,"As the Camp Fire closed in, teachers, aides and bus drivers quickly loaded more than 100 school students into cars and school buses, driving hours through smoke and flames to safely reunite the children with their families.",,,,,
AUDITV2_0273,hurricane_irma_2017,The Inside Story of Marriotts High-Seas Rescue After Irma Stranded 620 Hotel Guests On St. Thomas,,,,,
AUDITV2_0274,california_wildfires_2018,Threat of Camp Fire lessens as death toll rises: 42 dead with more victims expected,,,,,
AUDITV2_0275,kerala_floods_2018,"@Cipla_Global @CiplaFoundation continue with their commitment to alleviating damage done by #KeralaFloods . Their second (substantial) donation from CSR funds are received by HQ Southern Naval Command in Kochi. Special thanks to Abhayan (Head, Legal) &amp; Anupam Mishra (Head,CSR)",,,,,
AUDITV2_0276,hurricane_harvey_2017,"Also praying for the 1,200 dead and 16 million displaced in Bangladesh, India and Nepal. A disaster almost completely unreported.",,,,,
AUDITV2_0277,hurricane_dorian_2019,Hurricane Dorian could be a monster storm by landfall. The whole state of #Florida is under a state of emergency. #HurricaneDorian2019,,,,,
AUDITV2_0278,hurricane_florence_2018,All Hurricane Florence Evacuation Orders State by State | The Weather Channel,,,,,
AUDITV2_0279,california_wildfires_2018,"@PeterHi32200905 Please dont help idiots like this spread nonsense. Any wildland firefighter, like me, will tell you that most wildland fires are extinguished by purposefully set backfires. Theres not enough water in California to put these fires out. You must burn the fuel in their path.",,,,,
AUDITV2_0280,hurricane_florence_2018,Calling out all hotel chains. For those evacuating #HurricaneFlorence should be allowed to bring their pets. Rules need to be bent in an emergency situation #animallivesmatter FEMA should make it a law.,,,,,
AUDITV2_0281,hurricane_florence_2018,"@TWCAlexWallace @weatherchannel My niece &amp; nephew-in-law lost everything from Florence. They live in Jacksonville, NC. If anyone can spare a few bucks to help that would be great. They are newly weds. Their car was parked outside of their apartment too. Sucks.",,,,,
AUDITV2_0282,cyclone_idai_2019,"The prophet in me tells me someone, somewhere is already stealing the #CycloneIdai donations. Vamwe vanhu denga avapinde sure. @mhlanga_micheal @mawarirechypo @keithmoyoZW @mafortyzw",,,,,
AUDITV2_0283,hurricane_maria_2017,"PUERTO RICO HURRICANE - No reports of deaths from Maria, Puerto Rico governor says",,,,,
AUDITV2_0284,hurricane_harvey_2017,#Houston wasnt the only city devastated by #Harvey. Use your energy to help us rather than spread toxicity.,,,,,
AUDITV2_0285,hurricane_irma_2017,2:30 AM: Irma will continue to track up the FL Peninsula with gradual weakening. The Wiregrass will see persistent rain &amp; breezy conditions.,,,,,
AUDITV2_0286,hurricane_maria_2017,We wanted to help: Pirates pull strings to send cargo plane to aid Puerto Rico relief effort  #PittsPirates,,,,,
AUDITV2_0287,hurricane_harvey_2017,"For reference, hurricane Katrina unloaded about 7 trillion gallons of water in New Orleans/L.A. Harvey has dropped 20 Trillion in Houston/TX",,,,,
AUDITV2_0288,kerala_floods_2018,#WeatherUpdate: Rough to very rough sea conditions are likely to prevail over central &amp; southwest Arabian Sea. Fishermen are advised not to venture into the sea over these areas. (2/2) @Indiametdept #PMModiWithKeralam #keralafloods,,,,,
AUDITV2_0289,hurricane_harvey_2017,"Whether you need help in the aftermath of Hurricane Harvey or want to offer your assistance to others in need,",,,,,
AUDITV2_0290,hurricane_harvey_2017,Our hearts go out to those affected by #HurricaneHarvey in Port Arthur/Beaumont as victims are still trapped in their homes. Help is needed.,,,,,
AUDITV2_0291,hurricane_dorian_2019,Fuck all this hurricane bullshit where the fuck are the food stamps at sweetieee ᾒ3὞3 #foodstamps #HurricaneDorian #hurricanequestions #memesespanol #explorepage,,,,,
AUDITV2_0292,hurricane_dorian_2019,Stay safe everyone. I hope damage is minimal,,,,,
AUDITV2_0293,hurricane_dorian_2019,"Hi Thunder Family, If you are still in need of hurricane supplies go check out Academy Sports+Outdoors on Colonial Dr. They have water, charcoal and other supplies you might need. Here are the latest updates on Hurricane Dorian 08/30/2019 1700",,,,,
AUDITV2_0294,hurricane_dorian_2019,"I lived through Andrew and have vivid memories of going outside during the eye and seeing the damage already done, and then going back out after the back end came through.",,,,,
AUDITV2_0295,cyclone_idai_2019,There is concern at the likelihood of diseases such as cholera and malaria spreading after #CycloneIdai. Please pray.,,,,,
AUDITV2_0296,cyclone_idai_2019,"I want books, pens, food and more tents for us to have a home. My mother was only given 1 tent but it’s not enough for all of us because my family consists of 2 boys, 2 girls and my mother.”- Farai, 12yrs #zimbabwe #CycloneIdai",,,,,
AUDITV2_0297,hurricane_irma_2017,Irma evacuees from Keys with special needs find shelter in room under FIU parking garage  @miamiherald @FIU,,,,,
AUDITV2_0298,hurricane_harvey_2017,JUST IN: Homes near Whites Creek are being evacuated right now. Water has risen 13ft in the last two hours #Harvey @nc5,,,,,
AUDITV2_0299,hurricane_florence_2018,RT:(@LissetteCBS4) RT @WeatherProf: Here’s the hit on @CBSThisMorning today  #climatechange #Florence @mmfa @ClimateCentral @ClimateComms @ColumbiaCS @earthinstitute #severeflooding #floods #nopower #nowater #doncasterisgreat #tweetmaster #AtSocialM,,,,,
AUDITV2_0300,hurricane_harvey_2017,"High prices = high demand vs the cost of supply in current market conditions, and the immediate need for additional supply or an alternative",,,,,
AUDITV2_0301,kaikoura_earthquake_2016,"If you live on low lying ground within 1km of the coast, evacuate #chch #newzealand #christchurch #tsunami #nz #earthquake #eqnz",,,,,
AUDITV2_0302,hurricane_harvey_2017,Hurricane Harvey has totally destroyed Houston and they really need our help! i am asking all my,,,,,
AUDITV2_0303,hurricane_harvey_2017,Texas Gov. Greg Abbott says flooding in Houston from #Harvey may be the worst the city has ever suffered.,,,,,
AUDITV2_0304,hurricane_harvey_2017,"#Harvey: Dozens dead, thousands homeless, millions suffering. Yet Trump brags about crowd size/fame, lies he saw destruction first-hand. 🤔",,,,,
AUDITV2_0305,hurricane_irma_2017,@realDonaldTrump The earthquake happened a week ago. If youre going to make excuses then at least come up with an accurate one.,,,,,
AUDITV2_0306,kaikoura_earthquake_2016,RT @avmontague: Were all ok - weve evacuated to a neighbours house up the hill after the tsunami siren went off in Eastbourne #eqnz,,,,,
AUDITV2_0307,canada_wildfires_2016,RT @AirbnbSuperhost: Our thoughts go out to everyone effected by the #FortMcMurray fire. #Airbnb hosts are offering free lodging,,,,,
AUDITV2_0308,kaikoura_earthquake_2016,"Please donate to our special earthquake appeal. Help your neighbours, friends &amp; fellow Kiwis  #eqnz",,,,,
AUDITV2_0309,cyclone_idai_2019,"Recommendations: (iv)Provide emergency access to healthcare for all those who are injured, in accordance with the constitutionally guaranteed right to access healthcare; #CycloneIdai",,,,,
AUDITV2_0310,hurricane_florence_2018,"ὉC What a hero. #savinglives #adoptdontshop If youre looking for a way to help the Carolinas, donate to this cause!",,,,,
AUDITV2_0311,kerala_floods_2018,Alert on Electrical Safety during Floods by the #HSE #ElectricalSafety Dept of #BPCL #KochiRefinery. #KeralaFloods #DoForKerala #StandWithKerala #RebuildKerala,,,,,
AUDITV2_0312,hurricane_harvey_2017,"RT @MichaelDelauzon: As of 10am ET 5 dead, 1000+ rescued. Emergency crews still unable to reach worst-hit areas. #Texas #HurricaneHarvey",,,,,
AUDITV2_0313,cyclone_idai_2019,"An estimated 900,000 children in Mozambique have been orphaned, separated from their families, made homeless, or otherwise affected by Cyclone Idai, officials say. Thats half of the 1.8 million people impacted overall.",,,,,
AUDITV2_0314,kaikoura_earthquake_2016,RT @guardianworld: Damage to room caused by New Zealand earthquake – video,,,,,
AUDITV2_0315,cyclone_idai_2019,Chamisa visit to #CycloneIdai hit areas a publicity stunt,,,,,
AUDITV2_0316,california_wildfires_2018,@KamalaHarris @realDonaldTrump Kamala does nt gv a crap about the fire victims! This was just a Photo-Op 4 her as she attempts to take over America! All these poor victims are 4 her are potential votes”! She shld B N their shoes &amp; C how horrible of a tragedy this is! TRUMP 2020,,,,,
AUDITV2_0317,kerala_floods_2018,This is a dangerous trend. Such partisan politics can invoke severe repercussions that can potentially plunge the whole country into chaos. #KeralaFloods How #Kerala damaged its reputation and national conversation around calamities with petulant behaviour,,,,,
AUDITV2_0318,california_wildfires_2018,"@SenKamalaHarris @RonWyden That is totally true, but we have a genuine housing crisis in #California and it is getting worse with every wildfire destroying entire communities at a time. Please do something to address our needs! Rent control cant help when the supply of housing literally cannot meet demand",,,,,
AUDITV2_0319,hurricane_maria_2017,"CNN reports Devastation from Hurricane Maria continues to cripple Puerto Rico, with fears a damaged dam on the isl",,,,,
AUDITV2_0320,hurricane_irma_2017,Mexico cancelled its aid to the US. Not sure they are buying the no signal line!,,,,,
AUDITV2_0321,hurricane_irma_2017,Introducing our new friends from the @WI_Guard to a little Miami Cuban food as they assist us with our #HurricaneIrma recovery efforts! 🍽,,,,,
AUDITV2_0322,hurricane_maria_2017,"RT @DeptofDefense: For more on #DoD and #FEMA #HurricaneMaria relief efforts, watch this account, and check out @FEMA on Twitter.",,,,,
AUDITV2_0323,hurricane_irma_2017,Victims of #HurricaneIrma Caribbean islands need your help.,,,,,
AUDITV2_0324,hurricane_harvey_2017,"A message from Vuong, who started SDAshirts ministryis in need of your help! Hurricane Harvey flooded many",,,,,
AUDITV2_0325,hurricane_florence_2018,"At 2:40 PM EDT, 1 WSW Cedar Point [Carteret Co, NC] EMERGENCY MNGR reports STORM SURGE. 300 CEDAR POINT BLVD IS UNDER WATER DUE TO SURGE FROM THE WHITE OAK RIVER.",,,,,
AUDITV2_0326,kaikoura_earthquake_2016,Its a good option for Raglan residents to find alternate accommodation or somewhere that has its own water supply #eqnz,,,,,
AUDITV2_0327,hurricane_irma_2017,Five dead at Florida nursing home as Hurricane Irma’s aftereffects pose new threats,,,,,
AUDITV2_0328,hurricane_dorian_2019,Forecast maps and Radar at  #wx #news #weather #storm #Hurricane #tropical #wind #warnings #watches #flood #Dorian #Flwx,,,,,
AUDITV2_0329,cyclone_idai_2019,Do we know how many displaced?,,,,,
AUDITV2_0330,hurricane_dorian_2019,"@thehill #HurricaneDorian is now Category 5. @SenRickScott @marcorubio: Repent while there is yet time. #OdessaShooting death toll increases to 7 but, hey, the 17-MONTH-old is in satisfactory condition: teeth knocked out and shrapnel in chest. @SenateGOP @HouseGOP @GOP @MomsDemand",,,,,
AUDITV2_0331,kerala_floods_2018,Requesting all of youll to spread the message. This requires national attention. Please help in whichever way you can. #PrayForKerala #KeralaFloodRelief #KeralaFloods,,,,,
AUDITV2_0332,hurricane_maria_2017,Do you know what the Jones Act is and why it is preventing Puerto Ricans from obtaining the aid they need? Sign the petition to help!,,,,,
AUDITV2_0333,kaikoura_earthquake_2016,"RT @NZStuff: Deaths, major damage after severe 7.5 quake hits Hanmer Springs #eqnz",,,,,
AUDITV2_0334,kerala_floods_2018,Why none of National channels not showing any news about heavy rains causing destruction in Kodagu (Karnataka)? Why only Kerala? #KeralaFloods #KeralaFloodRelief @ShefVaidya @BJP4India @SwetaSinghAT,,,,,
AUDITV2_0335,hurricane_irma_2017,Hurricane Irma evacuees return to the wreckage of home as death toll passes 60,,,,,
AUDITV2_0336,hurricane_florence_2018,#HurricaneFlorence SC UPDATE from @JailLawSpeak: Guards fleeing while prisoners will NOT be evacuated in South Carolina! Prisoners preparing for the storm by collecting drinkable water. Exact details from JLS in pic below.,,,,,
AUDITV2_0337,hurricane_irma_2017,Hurricane Update: How you can help or if you need help! -,,,,,
AUDITV2_0338,cyclone_idai_2019,RT @Peter52501942: Who can help at chimanimani high school am looking for Shalin Mugano please,,,,,
AUDITV2_0339,hurricane_maria_2017,@ClintSmithIII Can you want help for ἞9἟2 also media is ignoring the devastation that hurricane Maria caused worst than ἟5἟7 but no one cares,,,,,
AUDITV2_0340,hurricane_florence_2018,#DoYouKnow how to #PumpOut a #Flooded #Basement? For info view the video at  #Flooding #Floods #Cellar #Hurricane #FloodDamage #HomeRepair #Home #House #Repair #Renovation #Florence #Cleaning #HomeReno #JITDT #HomeRenovation #Damage #Damaged #StormDamage,,,,,
AUDITV2_0341,kerala_floods_2018,Are you aware who is incharge and status of red cross society of kerala state.,,,,,
AUDITV2_0342,canada_wildfires_2016,"Lake Mead at record low, California drops water rules, Alberta wildfire still spreading Via @westgov",,,,,
AUDITV2_0343,cyclone_idai_2019,RT @VaKarikoga: Dozens missing and two confirmed dead in Manicaland. Lets spare a prayer for our friends who are affected by #cycloneidai,,,,,
AUDITV2_0344,hurricane_dorian_2019,"More horrifying footage from inside the eye of Hurricane Dorian with deadly storm surge, everything shredded like a tornado damage path. Seems to be low clouds or haze in the eye",,,,,
AUDITV2_0345,kaikoura_earthquake_2016,@sethop can you assist with this? Are your folks okay?,,,,,
AUDITV2_0346,canada_wildfires_2016,Satellite images of #FortMcMurray before the wildfires - and now. A vast expanse of scorched earth.,,,,,
AUDITV2_0347,cyclone_idai_2019,"RT @Katazamhondoro: While zimbabweans donate wonderfully to the #CycloneIdai , this is unacceptable.",,,,,
AUDITV2_0348,cyclone_idai_2019,@fearnotsinnot @kudzie_sharara @DavidColtart @InfoMinZW There is and its all under control. We pray no life be lost. The damage of property and crops we cant avoid. We pray for safety of the people. So far Mozambique and Malawi 122 people have died from the same cyclone.,,,,,
AUDITV2_0349,hurricane_irma_2017,@BrittanyWallman Thanks. Be safe with family during the hurricane. Last thing I want is you to write a story abt a local man&amp; daughter helping flood victims.,,,,,
AUDITV2_0350,hurricane_florence_2018,"He says this on September 11, when Puerto Rico’s revised Maria death toll is nearly equivalent to the number of people who were murdered on this day 17 years ago.",,,,,
AUDITV2_0351,hurricane_harvey_2017,"As Tropical Storm Harvey’s Flooding Shatters Records that could last for Days, President",,,,,
AUDITV2_0352,kerala_floods_2018,I am currently going through a financial crisis due to natural disaster took place in Kerala. My house is in Kerala and its been damaged by flood. Total cost of damage is more than 4 Lakhs. @MaxLifeIns,,,,,
AUDITV2_0353,hurricane_dorian_2019,.@realDonaldTrump Im sending you thoughts and prayers that Dorian flattens your precious Mar-a-lagoand dont even try to file bogus insurance claims or use FEMA funds for it either. #HurricaneDorian2019,,,,,
AUDITV2_0354,california_wildfires_2018,"WOW these fires are costing people on so many levels  Loss of life and Homes , Jobs, Contracts , ETC , ETC, ETC Mother Nature please give California a break . Enough is Enough",,,,,
AUDITV2_0355,canada_wildfires_2016,"2,400 buildings lost in Fort McMurray wildfire. #YQL #SouthernAlberta #YMMFire",,,,,
AUDITV2_0356,kerala_floods_2018,"RT @PNSINGH131312: In Kerala,RSS terrorists seen preparing bombs for flood affected people.",,,,,
AUDITV2_0357,cyclone_idai_2019,"#CycloneIDAI If you are driving stay clear of trees, electricity poles and water points. Leave the car and quickly find secure shelter as vehicles can be easily blown away by the gushing winds.",,,,,
AUDITV2_0358,hurricane_maria_2017,Please keep the people of Puerto Rico in your thoughts and prayers as they recover from hurricane Maria. #FriarsWithPuertoRico,,,,,
AUDITV2_0359,hurricane_dorian_2019,"Gusts up to 220 MPH. #HurricaneDorian We need to create a rapid response capability for these storms: carriers following behind hurricanes, bringing food, medical assistance, water purification, solar and wind energy, shelter. A US and/or UN humanitarian effort. Adapt &amp; Assist.",,,,,
AUDITV2_0360,kaikoura_earthquake_2016,"@JamesonRolnik No water, sewage, phone, internet in Kaikoura. 2 people killed, NOT your family. Hope you hear from them soon #Kaikora #eqnz",,,,,
AUDITV2_0361,canada_wildfires_2016,@JustinTrudeau speaks on behalf of ailing Fort McMurrayians and declines foreign aid Worst guy.,,,,,
AUDITV2_0362,kerala_floods_2018,Fair chance this didnt make it to your Western newsfeed yet: The worst floods in a century killed dozens in the tourist state of #Kerala in #India. Rising water has stranded tens of thousands of people and forced the closure of one of airports. Source:,,,,,
AUDITV2_0363,kerala_floods_2018,"Assuring displaced people of timely relief, Smt. Ambani said, I salute the tireless efforts &amp; spirit of the people of Kerala. #RelianceFoundation is committed to support Kerala in this time of abject crisis.” #KeralaFloods #RFForKerala",,,,,
AUDITV2_0364,canada_wildfires_2016,".@Nickelback, @BlueRodeo, @dallassmith &amp; more to play Fire Aid - watch the live presser",,,,,
AUDITV2_0365,hurricane_dorian_2019,"RT @MattKlug33: I can see it now: Florida man shoots into hurricane, bullet returns and kills him”",,,,,
AUDITV2_0366,hurricane_dorian_2019,"For those who don’t know, Carissa is now in a new position (literally started today) working disaster response for PPM. As such, we have been watching #Dorian very closely. We have partners and friends in effected areas of the Bahamas, and it’s getting bad. Please pray with us!",,,,,
AUDITV2_0367,hurricane_irma_2017,"When its safe to go outside, report Irma damage here:  #chsnews",,,,,
AUDITV2_0368,hurricane_maria_2017,RT @CBSNewYork: Hurricane Maria regains strength back to Category 3 storm after leaving path of destruction in Puerto Rico,,,,,
AUDITV2_0369,hurricane_harvey_2017,President Trump in Texas: #HurricaneHarvey a Storm of ‘Epic Proportion’ #TexasStrong #PrayForTexas,,,,,
AUDITV2_0370,california_wildfires_2018,Check out this new story on NPR: Supercomputers Assist Firefighters In Evacuations As Wildfires Spread In California,,,,,
AUDITV2_0371,hurricane_maria_2017,"With the current state of emergency, lets make sure our hospitality industry does its part to protect our customers from price gouging.",,,,,
AUDITV2_0372,hurricane_harvey_2017,Fuckin Obama destroyed the military - we dont have war fightin monster trucks anymore. Don has to rebuild that too.,,,,,
AUDITV2_0373,hurricane_florence_2018,"CRAWLING. Tropical Storm #Florence is moving at 2 mph. Thats SLOWER than the average walking pace of a person, which is 3.1 mph. This near stall means no end anytime soon to the life-threatening flash flooding. #NCwx #SCwx",,,,,
AUDITV2_0374,hurricane_maria_2017,Disgustingly sad when a Nation screams for help that falls of deaf fucking ears since its not a protest or overpaid pansy asses kneeling,,,,,
AUDITV2_0375,cyclone_idai_2019,These young boys idea of fun in a #CycloneIdaiZW flooded river in Mutare rural expose them to serious risk of drowning. Perhaps not enough warnings have gone through even as the death toll from the #CycloneIdai continues to rise @KirstyCoventry #Chimanimani #Manicaland,,,,,
AUDITV2_0376,canada_wildfires_2016,RT @1SQ1: Think Fort McMurray wildfire damages are covered by home insurance?  #ymmfire #FortMcMurray,,,,,
AUDITV2_0377,hurricane_dorian_2019,Spoke with @Uber about potentially providing rides to displaced families &amp; residents in #OurCounty to shelters in case Hurricane #Dorian impacts #SoFla. Be mindful of future conditions; avoid any unsafe or flooded areas &amp; always heed the advice of state &amp; local officials.,,,,,
AUDITV2_0378,hurricane_irma_2017,130 earthquake since Saturday,,,,,
AUDITV2_0379,kaikoura_earthquake_2016,"RT @kkbelle: 100-year-old &amp; daughter-in-law rescued fro historic homestead rubble, but son didnt make it #eqnz  #e",,,,,
AUDITV2_0380,canada_wildfires_2016,Evacuees take devastatin,,,,,
AUDITV2_0381,hurricane_irma_2017,Hurricane Irma forced Anna Maria Island residents to evacuate. Now it’s time to assess the damage,,,,,
AUDITV2_0382,kaikoura_earthquake_2016,"@steviethedj Checking in on you Steve, everything ok since the earthquake? #eqnz",,,,,
AUDITV2_0383,hurricane_harvey_2017,Harvey actually isnt Trumps first relief test - NC was denied 99% of requested funds for rebuilding after Matthew,,,,,
AUDITV2_0384,hurricane_harvey_2017,#ExxonKnew storms like #Harvey were coming. #MakeExxonPayForHarveys $190 Billion destruction not American taxpayers,,,,,
AUDITV2_0385,california_wildfires_2018,Those poor evacuees cant catch a break.,,,,,
AUDITV2_0386,kaikoura_earthquake_2016,RT @radionz: Kaikoura - where at least one person has died - is emerging as one of the worst-affected areas.  #eqnz,,,,,
AUDITV2_0387,hurricane_maria_2017,We helped set up #CCRIF. The immediate payout of $19million will help #Dominica restore infrastructure in the aftermath of #HurricaneMaria,,,,,
AUDITV2_0388,kaikoura_earthquake_2016,"#NewZealand #earthquake update: Kaikoura and surrounds cut off, phones, power out across South Island and Wellington, two confirmed dead (1)",,,,,
AUDITV2_0389,kerala_floods_2018,This Onam is dedicated to thousands of souls who lost their life &amp; people who are displaced due to unprecedented flood disaster in Gods own country  Kerala  Wishing all strength &amp; will to re- settle themselves !!!,,,,,
AUDITV2_0390,california_wildfires_2018,"@CBSNews Rebuild burnt down California with more water power, cell phone looking towers but they spray water in circles to cover drought dry areas to prevent fires spreading they could mount their solar panels on them also to power pumps and other power needs",,,,,
AUDITV2_0391,hurricane_maria_2017,Have you lost your way to helping the people of #PuertoRicoStrong #USVIStrong @realDonaldTrump @POTUS!?! Please get help to avoid a catastrophe of a humanitarian crisis from happening to AMERICANS!! #HurricaneMaria,,,,,
AUDITV2_0392,kaikoura_earthquake_2016,"Anyone need photography, Ads, digital design for your business or nonprofit after #eqnz check out  trying to help #nz",,,,,
AUDITV2_0393,hurricane_florence_2018,Knoxville hotels prepare for Hurricane Florence evacuees,,,,,
AUDITV2_0394,kerala_floods_2018,"Hi! Everyone, I request you please dont forget to rescue poor #animals which stuck in floods of #Kerala ὤFὢ2 . . . . #SaveKerala #KeralaReliefFund",,,,,
AUDITV2_0395,california_wildfires_2018,RT @nowthisnews: Rain has extinguished most of Californias wildfires — but it comes with the risk of mudslides,,,,,
AUDITV2_0396,california_wildfires_2018,Authorities made public a list of 297 people still unaccounted for Wednesday night as they announced that the number of people who had been killed in the deadliest wildfire in California history had grown to 56. #CampFire,,,,,
AUDITV2_0397,canada_wildfires_2016,"@RentMainstreet Hi, I was wondering if you still have apartments available for Fort Mac wildfire victims with a family of five? Thank you!",,,,,
AUDITV2_0398,kerala_floods_2018,"I want all of you to know that you are not alone in this. We are all with you: Congress President @RahulGandhi to the flood affected families in Athani, Kerala. #RebuildingKerala",,,,,
AUDITV2_0399,hurricane_florence_2018,"The remnants of Florence will come through tonight and tomorrow. That doesn’t mean there will be a hurricane here. Localized (not widespread) flooding is possible because of heavy rain, so be weather aware! It’ll be breezy but not super windy. @wnpr",,,,,
AUDITV2_0400,kaikoura_earthquake_2016,RT @corinneambler: Some appreciative people out there #eqnz New Zealand Red Cross - Earthquake evacuees say Red Cross is wonderful,,,,,
AUDITV2_0401,hurricane_irma_2017,"urgent intervention needed in Desoto County FL. @DeSotoCountyEM refusing people w/service animals in shelters. Illegal, wrong, deadly #irma",,,,,
AUDITV2_0402,hurricane_harvey_2017,@ltgrusselhonore @CNN If you cant get to the Houston downtown to help try Kingwood/Humble area. The San Jacinto River is high and folks need help. #Harvey2017,,,,,
AUDITV2_0403,california_wildfires_2018,Right. Im sure that there is a long list of logging companies waiting to log chaparral shrublands and oak woodlands and grasslands. The most destructive and deadly fires in CA are NOT in forests. This is grossly irresponsible and uninformed.,,,,,
AUDITV2_0404,hurricane_irma_2017,I liked a @YouTube video  Death toll rises after powerful 8.1 quake strikes Mexico,,,,,
AUDITV2_0405,hurricane_dorian_2019,Pet friendly shelters Central Florida Google map via Pet Alliance of Greater #Orlando. Use it to help find pet friendly shelters in the area.  #Dorianflorida #HurricaneDorian2019 #HurricaneDorian #Dorian #Cat4 #FLPrepares #DisasterAssistTeam #DAT,,,,,
AUDITV2_0406,hurricane_maria_2017,"@CMaschera  Where do you even begin? I cant imagine the shock. Add to that no food or water, a nightmare.",,,,,
AUDITV2_0407,hurricane_florence_2018,Subway station reopened after 17 years a couple days ago at World Trade Center. The subway station on the grounds of the World Trade Center. It was destroyed in the attacks,,,,,
AUDITV2_0408,california_wildfires_2018,"First Responders Hit Hard by CA Wildfire: Its estimated that at least 90 first responders have lost their homes to the #CampFire in Butte County, and that tally is expected to rise. And they still continue to fight day after day to contain this fire.",,,,,
AUDITV2_0409,california_wildfires_2018,RT news6wkmg: Officials are warning residents already devastated by the deadliest and most destructive wildfire in the Californias history that rain arriving Wednesday could cause flash flooding and mudflows.,,,,,
AUDITV2_0410,kaikoura_earthquake_2016,RT @sunriseon7: At least two people have reportedly been killed following a powerful 7.5 magnitude earthquake in New Zealand.,,,,,
AUDITV2_0411,hurricane_irma_2017,#LITechNews: News Wrap: 2.5 million need aid after powerful Mexico earthquake #Electricity #Hurricane #Killed,,,,,
AUDITV2_0412,california_wildfires_2018,RT @ITDRC: See how ITDRC and @Googleorg are working together for #CaliforniaWildfires response and ways you can help.,,,,,
AUDITV2_0413,hurricane_harvey_2017,The @ASPCA is on the ground with water rescue teams ready to assist displaced animals affected by #Harvey. Help!,,,,,
AUDITV2_0414,hurricane_dorian_2019,#HurricaneDorian #25thAmendmentNow #LiarTrump No Dorian is NOT going to hit the state of AL. The orange con is probably setting up a fake scenario so he can make a false claim on fake Mar-A-Largo damage like he did in 2005.,,,,,
AUDITV2_0415,hurricane_dorian_2019,They are guarding the water at Publix #HurricaneDorian2019 #HurricaneDorian #Publix,,,,,
AUDITV2_0416,kerala_floods_2018,"Friends its urgent Food and clothes for women in changanacherry manjadikara camp. Time 5.58pm date 19-8-18 Contact sabu 9447596155, christy 7012366158, Zakhir 9946478500 Pls RT #KeralaFloodRelief #KeralaFloods #KeralaFlood #KeralaSOS #SOSKerala #Cochin",,,,,
AUDITV2_0417,kaikoura_earthquake_2016,Strong winds &amp; heavy rain on the way for Lower North &amp; Upper South - areas hit by #nzearthquake:  #eqnz #NewZealand,,,,,
AUDITV2_0418,hurricane_irma_2017,Please help me share this video!! #RoyallyScrewed by Royal Caribbean #HurricaneIrma #EnchantmentOfTheSeas,,,,,
AUDITV2_0419,california_wildfires_2018,"BBC News - Gerard Butler, Miley Cyrus: Stars homes destroyed by California wildfires",,,,,
AUDITV2_0420,cyclone_idai_2019,"#Idai victims buried in mass grave in Sussundenga, at least 60 missing – #Mozambique  #CycloneIdai #CicloneIdai",,,,,
AUDITV2_0421,california_wildfires_2018,"@BlueMoon7777 @adagioforstring @DevinNunes @ZeitTrash @Federalist So, if there was a carbon tax. seems California would have paid off the National Debt with the amount of forest fires (and carbons released) that they caused do to mismanagement of forests. Left wing radicals; sure you really want a carbon tax?",,,,,
AUDITV2_0422,hurricane_irma_2017,"PacificCove - Top story: Florida nursing home deaths: Investigations underway  , see more",,,,,
AUDITV2_0423,kerala_floods_2018,"Fun with the floods! RT @thatdoggonelady Heres a video of a puppy, Hobi, finding some joy in the middle of the #Keralafloods. (Story: The owners home in Allapphuzha is submerged so she is staying at a guest house where they allow pets.)..",,,,,
AUDITV2_0424,kerala_floods_2018,"Only last year, floods killed 500+ in Bihar. How many times was it mentioned by the MSM?  Nothing is more painful than seeing these absurd, anti national, regional chauvinists blatantly blaming the poorest state #KeralaFloods",,,,,
AUDITV2_0425,hurricane_irma_2017,Help us make a difference and #giveback to our community!  #TuesdayThoughts #florida #UCF #hurricaneirma,,,,,
AUDITV2_0426,hurricane_dorian_2019,State Farm teams head out to help hurricane victims  via @pantagraph #HurricaneDorian @CornBeltEnergy @StateFarm @MFBBloomington @RedCrossCSIL,,,,,
AUDITV2_0427,kerala_floods_2018,#UPDATE: 12 people have died between August 1 and September 3 in #Kerala from Leptospirosis. 372 confirmed cases of Leptospirosis have been reported since August 1. #KeralaFloods,,,,,
AUDITV2_0428,hurricane_florence_2018,You can help bring the light and hope of Jesus Christ to people in their darkest hours through the ministry of the Billy Graham Rapid Response Team during and after Hurricane Florence.,,,,,
AUDITV2_0429,hurricane_dorian_2019,"Two years ago, Hurricane Irma spawned tornados destroyed mobile homes throughout the county. This time, residents prepare and hope for the worst.",,,,,
AUDITV2_0430,cyclone_idai_2019,"#WARNING #ALERT #CycloneIdai DONATE WISELY, beware of thieves acting as good Samaritans. Follow donation information Only from reliable sources.",,,,,
AUDITV2_0431,hurricane_irma_2017,Busy day for Team Scott!! #HurricaneIrma relief. Stay safe Airmen!!,,,,,
AUDITV2_0432,kerala_floods_2018,"@saliltripathi @Ram_Guha Let the officials and politicians behind the rejection of Gadgil report in 2011 and land mafia pay Kerala flood relief cost. Illegal forest land acquisition behind Kerala floods, says ecologist Madhav Gadgil.",,,,,
AUDITV2_0433,hurricane_harvey_2017,RT @bustle: Hillary Clinton Reveals How You Can Make A Difference In Tng some of the #Harvey affected areas. We will rebuild &amp;amp; be even,,,,,
AUDITV2_0434,kaikoura_earthquake_2016,RT @WeatherWatchNZ: NO COOK STRAIT FERRIES - Due to #damage:,,,,,
AUDITV2_0435,california_wildfires_2018,"RT @KRCR7: If you have been impacted by the #CampFire, you can register for FEMA assistance.",,,,,
AUDITV2_0436,cyclone_idai_2019,"@DrNkuSibanda @ZimMediaReview Exposing your ignorance once again. So you wanted Govt to evacuate the whole of Manicaland Province since the path of #CycloneIdai wasnt clear and precise!! Govt warned people beforehand through the CPU, but u are choosing to turn a blind eye on that",,,,,
AUDITV2_0437,hurricane_maria_2017,RT @marla62096: OMFG..Trump is responsible for any and all deaths post Maria,,,,,
AUDITV2_0438,hurricane_dorian_2019,"This is aftermath from the Hurricane Weather Warfare Weapon they put together, designed for Maximum Flooding and Maximum Damage! God does not do this, he allows this! This was manufactured by the hand of Men who want full power and control of the planet.",,,,,
AUDITV2_0439,hurricane_maria_2017,@jeligon can you cover the damage done to my island of ἞9἟2 by hurricane Maria the whole island is devastated 47 dead and counting,,,,,
AUDITV2_0440,kaikoura_earthquake_2016,Just read the news and I didnt know there was an earthquake this morning! Didnt feel it but I think my cat did as he was hiding,,,,,
AUDITV2_0441,kaikoura_earthquake_2016,The following maps show the tsunami evacuation zones for coastal areas of the Wellington region.  #eqnz,,,,,
AUDITV2_0442,hurricane_maria_2017,Hurricane Maria evacuees are sheltering in Shreveport with more to come!,,,,,
AUDITV2_0443,kerala_floods_2018,#ONGCForKerala  deeply distressed and saddened by the tragic loss of lives and large scale damage to properties caused by the incessant rains that have been lashing the southern state for the past few days.,,,,,
AUDITV2_0444,cyclone_idai_2019,"1/5 WARD 12 Charleshood and Dombera 1) 15 people marooned at a higher ground, blown away by a landslide.Results unknown. 2)Mawenje lodge employees marooned in e mountains WARD 16 1) Houses destroyed in e following villages: Saziya, Merry waters, Nyabamba, Runhowani #CycloneIdai",,,,,
AUDITV2_0445,hurricane_harvey_2017,Why isnt the news reporting about this family? Still reporting only 4 deaths as of tonights world news,,,,,
AUDITV2_0446,hurricane_irma_2017,the fact that i can only take cold showers bc irma fucked up my water heater isnt so bad bc im already sweating to death from my broken A/C!,,,,,
AUDITV2_0447,cyclone_idai_2019,RT @TRF_Stories: The number of cholera cases has almost doubled in #Mozambique in the past 24 hours | #Humanitarian #CycloneIdai /,,,,,
AUDITV2_0448,hurricane_dorian_2019,"THREAD- URGENT Request: Hurricane Dorian is set to make landfall near Central and the South Florida area this weekend, there is still time to directly support some of the most vulnerable communities in these areas. (1)",,,,,
AUDITV2_0449,california_wildfires_2018,So where are our sex workers that have been in the wake of the giant camp fire wiping out neighborhoods? Are yall safe? Do you need extra resources or help? DM me please.,,,,,
AUDITV2_0450,kaikoura_earthquake_2016,Water damage inside 222 student hostel #eqnz,,,,,
AUDITV2_0451,cyclone_idai_2019,Surprisingly remnants of Cyclone Idai made huge damage in #Zimbabwe after large disaster in #Mozambique. It looks the communities in this part of the world are not used to this negative product of Climate Change #CycloneIdai #ClimateChange #ClimateResilience #Idai #Storm #Climate,,,,,
AUDITV2_0452,hurricane_maria_2017,"RT @alalejandro: Hey @Airbnb, would b nice if listed US homes can receive refugees/evacuees from #HurricaneMaria #PuertoRico needing temp h",,,,,
AUDITV2_0453,hurricane_maria_2017,Stay up-to-date with HurricaneMaria recovery efforts in PuertoRico.,,,,,
AUDITV2_0454,hurricane_dorian_2019,#BeverlyChallenge Update: @ResortTV1 is changing Friday Night Livestream to Epcot tonight &amp; will stream Beverly Challenge (previously scheduled for Saturday) tonight due to friends leaving early for Major Hurricane Dorian. All donations go to @GKTWVillage!,,,,,
AUDITV2_0455,hurricane_florence_2018,"INSIDE THE STORM| Drone shots show the entire town of Chinquapin, North Carolina, under water after Florence.",,,,,
AUDITV2_0456,california_wildfires_2018,thread NB: Every community has an evacuation plan. The devastion is the difference,,,,,
AUDITV2_0457,kaikoura_earthquake_2016,@SBSENZ My family was a recipient of @NZRedCross aid post #chch #eqnz Our claim had been fraudulently collected by a tenant. They sorted it.,,,,,
AUDITV2_0458,california_wildfires_2018,Team Coverage of destructive Camp Fire consuming hundreds of structures and causing at least five deaths as smoke chokes Bay Area (11-9-2018),,,,,
AUDITV2_0459,hurricane_harvey_2017,SE Texas evacuees bused to San Antonio after Beaumont closes two of its largest shelters #12NewsNowHarvey #Harvey,,,,,
AUDITV2_0460,hurricane_maria_2017,"3 days and food for 1 million people + 1 million gallons of water, FEMA reports.",,,,,
AUDITV2_0461,hurricane_maria_2017,Since we all seem to be in agreement on this WHY ARENT WE IMPEACHING HIM NOW BEFORE HE DOES ANYMORE GODDAMN DAMAGE???,,,,,
AUDITV2_0462,kerala_floods_2018,"Reality. 775 / 1,893 villages in Kerala affected by floods. Thats around 41%. Not entire state, as we were told. Read definition of affected, the actual impact would be 41% of the 41%. Mind you, these are far away from Mullaiperiyar dam. Do the math.",,,,,
AUDITV2_0463,hurricane_maria_2017,Our thoughts go out to those suffering from the latest disasters. This hits close to home #HurricaneMaria #PRstrong,,,,,
AUDITV2_0464,hurricane_maria_2017,@DavidBegnaud #Thankyou We contacted Drs. and March of Dimes to help the preemies &amp; their moms in the USA. #PuertoRico #HurricaneMaria,,,,,
AUDITV2_0465,cyclone_idai_2019,"Our @Yaxle is in Mozambique ἟2἟F, describing the vulnerable situation for thousands of people after the devastation of #CycloneIdai + how UNHCR emergency teams are helping.",,,,,
AUDITV2_0466,hurricane_harvey_2017,"PPL POSTING EVAC SOS 4 PT ARTHUR, #USCG OPERATORS THEY NEED FOLLOWING INFO 2 HELP PLZ RT #PortArthur #Beaumont #Harvey #Orangetx #Houston",,,,,
AUDITV2_0467,hurricane_dorian_2019,"@realDonaldTrump JFC, seriously? Focus, Boo. #Dorian is an still an active hurricane (but not in Ala-fucking-bama like you Tweeted). There’s 21 wounded victims from #OdessaShooting are still hanging onto their lives in hospitals. #Texas",,,,,
AUDITV2_0468,kaikoura_earthquake_2016,Retweeting in the hope that someone in #Kaikoura sees this. Help a kiwi out. #NZeq #eqNZ #earthquake #NewZealand #help #KaikouraQuake,,,,,
AUDITV2_0469,canada_wildfires_2016,Alberta health officials focusing on mental health assistance in wake of Fort McMurray wildfire: The   #health,,,,,
AUDITV2_0470,hurricane_maria_2017,"After Maria, hurricane-weary United States will get a breather #EVACUATIONS #NOW  Mandatory evacuations have been o",,,,,
AUDITV2_0471,kaikoura_earthquake_2016,RT @morgtait: A family with 2 young kids are tramping through a river + over a hill away from their #eqnz damaged house + cut-off community,,,,,
AUDITV2_0472,canada_wildfires_2016,RT @IBMer_CA: (3/3) Albertans can call 310-4455 for info and stay up to date on the Alberta Emergency Alert and Alberta Wildfire apps. #For,,,,,
AUDITV2_0473,cyclone_idai_2019,The rising stench of decomposing #CycloneIdai victims buried under debris at #Ngangu in #Chimanimani is now helping the recovery of bodies with residents saying sniffer dogs will quicken the pace of recovery of their missing relatives.  #NewsDayZim @HStvZim,,,,,
AUDITV2_0474,kaikoura_earthquake_2016,"82 earthquakes and counting in the past 2h15m, since the 7.5 hit near Hanmer springs #NewZealand #earthquake",,,,,
AUDITV2_0475,canada_wildfires_2016,RT @ACSTANews: Whole community pitched in to save all residents. Proud of our teachers @albertateachers @FMCSD,,,,,
AUDITV2_0476,cyclone_idai_2019,"1/9 2)Christina Pr Sch near Steinstroom sec sch on the Jopa copper road, is another district command rescue  serves the Risitu valley. This is the furthest that vehicles can access from Jopa to Risitu valley due to destroyed bridges.#CycloneIdai",,,,,
AUDITV2_0477,hurricane_irma_2017,The man has done it again!!! 🚨ALERT🚨 Trump is providing relief to rescue Americans in Cuba RT bc the media wont,,,,,
AUDITV2_0478,hurricane_florence_2018,I remember when our President used to be eloquent. Fucking hell we are dead people.,,,,,
AUDITV2_0479,cyclone_idai_2019,this story from @i_amten on a town struggling to find their loved ones in the rubble after #cycloneidai is heartbreakingggggg. pls read it,,,,,
AUDITV2_0480,kaikoura_earthquake_2016,"#NewZealand earthquake kills 2, strong aftershocks leave people stranded with no power, blocked roads #nzearthquake",,,,,
AUDITV2_0481,hurricane_maria_2017,What is being done to help the 3.5 million Americans in Puerto Rico? They are in danger and need our government to help!,,,,,
AUDITV2_0482,kerala_floods_2018,".@eshagupta2811 makes an earnest appeal to everyone to help #Kerala and please helpNow!!! More stars, influencers must come forward and relentlessly try and create awareness since the National media doesnt realise their responsibility!!! #keralafloods",,,,,
AUDITV2_0483,canada_wildfires_2016,A ban on open fires has been expanded in Saskatchewan including area north of Churchill River. #sask #yxe #wildfire,,,,,
AUDITV2_0484,kerala_floods_2018,Flood affected Kerala will see contributions coming in from #100PipersPlayForACause,,,,,
AUDITV2_0485,hurricane_florence_2018,Sea level rise can certainly make the difference in whether or not hurricane waters surmount coastal dunes and come flooding into communities The timing of the surge with the tide is enormously important - we might dodge the bullet if Florence,,,,,
AUDITV2_0486,hurricane_florence_2018,Drone Footage Shows South Carolina Highway Damaged by Hurricane Florence Flooding: ▶  #Florence,,,,,
AUDITV2_0487,cyclone_idai_2019,"We fear hundreds are missing after #CycloneIdai left a trail of destruction across Mozambique, Malawi and Zimbabwe. We’re helping families find their missing loved ones. Search our site in English and Portuguese:",,,,,
AUDITV2_0488,kaikoura_earthquake_2016,"RT @Rachel_Smalley: Geonet revises earthquake size - 7.5, 15km deep, 15km north-east of Culverden.#eqnz",,,,,
AUDITV2_0489,hurricane_dorian_2019,"SpaceX knew what the possibilities were when they started building in the open. Will #Starship get to shelter? Minimal personnel was on site at 6:30 tonight. With this track, launch pads and Cape infrastructure will be tested and the fleet is again in the path. #Dorian",,,,,
AUDITV2_0490,hurricane_dorian_2019,@realDonaldTrump @DebraMessing 5 people were killed in Texas as well as many were injured and youre worried about what Debra Messing. And price in Florida are waiting as #HurricaneDorian is going to destroy their homes. You should have gone to Poland.,,,,,
AUDITV2_0491,kerala_floods_2018,"RT @BJPLive: PM Modi arrives in Kochi for aerial survey of Kerala flood-affected areas, death toll crosses 200.  #BJ",,,,,
AUDITV2_0492,hurricane_irma_2017,"Humanitarian aid : 7 years after the 2010 earthquake, who remains displaced?  #news",,,,,
AUDITV2_0493,hurricane_maria_2017,"Hum, sleeping in shelters w/ family &amp; constituents is NOT doing really well its authentic leadership in times of crisis, 45 should try it",,,,,
AUDITV2_0494,california_wildfires_2018,RT @HenryMakow:  California Fires and the Fallout of the Purposeful Destruction of a State [videos],,,,,
AUDITV2_0495,cyclone_idai_2019,RT @africaupdates: Mozambique needs help. So many people dead from the Cyclone. @AU_PSD @UN,,,,,
AUDITV2_0496,hurricane_maria_2017,"Because they didnt have any electricity, we didnt know the REAL DEATH toll.",,,,,
AUDITV2_0497,hurricane_harvey_2017,Yall Houston is facing dangerous flooding right now. I have friends moving into their attics to escape the water. #Harvey #Houston,,,,,
AUDITV2_0498,canada_wildfires_2016,"Keep thoughts, prayers and donations coming, but no need for help for putting out the fires asap? WTF? #ymm",,,,,
AUDITV2_0499,hurricane_maria_2017,Food and water en route to #PuertoRico and #StCroix by @usairforce:,,,,,
AUDITV2_0500,canada_wildfires_2016,Tinder dry forests &amp; high winds are making things very difficult! Hats off to all those fighting these fires!,,,,,
