annotation_id,annotation_owner,annotation_method,human_reviewer,human_review_status,final_primary_label,review_action,review_notes
AUDITV2_0001,Khagendra01,AI-assisted first pass under researcher direction,Khagendra01,pending,,,
AUDITV2_0002,Khagendra01,AI-assisted first pass under researcher direction,Khagendra01,pending,,,
AUDITV2_0003,Khagendra01,AI-assisted first pass under researcher direction,Khagendra01,pending,,,
AUDITV2_0004,Khagendra01,AI-assisted first pass under researcher direction,Khagendra01,pending,,,
AUDITV2_0005,Khagendra01,AI-assisted first pass under researcher direction,Khagendra01,pending,,,
AUDITV2_0006,Khagendra01,AI-assisted first pass under researcher direction,Khagendra01,pending,,,
AUDITV2_0007,Khagendra01,AI-assisted first pass under researcher direction,Khagendra01,pending,,,
AUDITV2_0008,Khagendra01,AI-assisted first pass under researcher direction,Khagendra01,pending,,,
AUDITV2_0009,Khagendra01,AI-assisted first pass under researcher direction,Khagendra01,pending,,,
AUDITV2_0010,Khagendra01,AI-assisted first pass under researcher direction,Khagendra01,pending,,,
AUDITV2_0011,Khagendra01,AI-assisted first pass under researcher direction,Khagendra01,pending,,,
AUDITV2_0012,Khagendra01,AI-assisted first pass under researcher direction,Khagendra01,pending,,,
AUDITV2_0013,Khagendra01,AI-assisted first pass under researcher direction,Khagendra01,pending,,,
AUDITV2_0014,Khagendra01,AI-assisted first pass under researcher direction,Khagendra01,pending,,,
AUDITV2_0015,Khagendra01,AI-assisted first pass under researcher direction,Khagendra01,pending,,,
AUDITV2_0016,Khagendra01,AI-assisted first pass under researcher direction,Khagendra01,pending,,,
AUDITV2_0017,Khagendra01,AI-assisted first pass under researcher direction,Khagendra01,pending,,,
AUDITV2_0018,Khagendra01,AI-assisted first pass under researcher direction,Khagendra01,pending,,,
AUDITV2_0019,Khagendra01,AI-assisted first pass under researcher direction,Khagendra01,pending,,,
AUDITV2_0020,Khagendra01,AI-assisted first pass under researcher direction,Khagendra01,pending,,,
AUDITV2_0021,Khagendra01,AI-assisted first pass under researcher direction,Khagendra01,pending,,,
AUDITV2_0022,Khagendra01,AI-assisted first pass under researcher direction,Khagendra01,pending,,,
AUDITV2_0023,Khagendra01,AI-assisted first pass under researcher direction,Khagendra01,pending,,,
AUDITV2_0024,Khagendra01,AI-assisted first pass under researcher direction,Khagendra01,pending,,,
AUDITV2_0025,Khagendra01,AI-assisted first pass under researcher direction,Khagendra01,pending,,,
AUDITV2_0026,Khagendra01,AI-assisted first pass under researcher direction,Khagendra01,pending,,,
AUDITV2_0027,Khagendra01,AI-assisted first pass under researcher direction,Khagendra01,pending,,,
AUDITV2_0028,Khagendra01,AI-assisted first pass under researcher direction,Khagendra01,pending,,,
AUDITV2_0029,Khagendra01,AI-assisted first pass under researcher direction,Khagendra01,pending,,,
AUDITV2_0030,Khagendra01,AI-assisted first pass under researcher direction,Khagendra01,pending,,,
AUDITV2_0031,Khagendra01,AI-assisted first pass under researcher direction,Khagendra01,pending,,,
AUDITV2_0032,Khagendra01,AI-assisted first pass under researcher direction,Khagendra01,pending,,,
AUDITV2_0033,Khagendra01,AI-assisted first pass under researcher direction,Khagendra01,pending,,,
AUDITV2_0034,Khagendra01,AI-assisted first pass under researcher direction,Khagendra01,pending,,,
AUDITV2_0035,Khagendra01,AI-assisted first pass under researcher direction,Khagendra01,pending,,,
AUDITV2_0036,Khagendra01,AI-assisted first pass under researcher direction,Khagendra01,pending,,,
AUDITV2_0037,Khagendra01,AI-assisted first pass under researcher direction,Khagendra01,pending,,,
AUDITV2_0038,Khagendra01,AI-assisted first pass under researcher direction,Khagendra01,pending,,,
AUDITV2_0039,Khagendra01,AI-assisted first pass under researcher direction,Khagendra01,pending,,,
AUDITV2_0040,Khagendra01,AI-assisted first pass under researcher direction,Khagendra01,pending,,,
AUDITV2_0041,Khagendra01,AI-assisted first pass under researcher direction,Khagendra01,pending,,,
AUDITV2_0042,Khagendra01,AI-assisted first pass under researcher direction,Khagendra01,pending,,,
AUDITV2_0043,Khagendra01,AI-assisted first pass under researcher direction,Khagendra01,pending,,,
AUDITV2_0044,Khagendra01,AI-assisted first pass under researcher direction,Khagendra01,pending,,,
AUDITV2_0045,Khagendra01,AI-assisted first pass under researcher direction,Khagendra01,pending,,,
AUDITV2_0046,Khagendra01,AI-assisted first pass under researcher direction,Khagendra01,pending,,,
AUDITV2_0047,Khagendra01,AI-assisted first pass under researcher direction,Khagendra01,pending,,,
AUDITV2_0048,Khagendra01,AI-assisted first pass under researcher direction,Khagendra01,pending,,,
AUDITV2_0049,Khagendra01,AI-assisted first pass under researcher direction,Khagendra01,pending,,,
AUDITV2_0050,Khagendra01,AI-assisted first pass under researcher direction,Khagendra01,pending,,,
AUDITV2_0051,Khagendra01,AI-assisted first pass under researcher direction,Khagendra01,pending,,,
AUDITV2_0052,Khagendra01,AI-assisted first pass under researcher direction,Khagendra01,pending,,,
AUDITV2_0053,Khagendra01,AI-assisted first pass under researcher direction,Khagendra01,pending,,,
AUDITV2_0054,Khagendra01,AI-assisted first pass under researcher direction,Khagendra01,pending,,,
AUDITV2_0055,Khagendra01,AI-assisted first pass under researcher direction,Khagendra01,pending,,,
AUDITV2_0056,Khagendra01,AI-assisted first pass under researcher direction,Khagendra01,pending,,,
AUDITV2_0057,Khagendra01,AI-assisted first pass under researcher direction,Khagendra01,pending,,,
AUDITV2_0058,Khagendra01,AI-assisted first pass under researcher direction,Khagendra01,pending,,,
AUDITV2_0059,Khagendra01,AI-assisted first pass under researcher direction,Khagendra01,pending,,,
AUDITV2_0060,Khagendra01,AI-assisted first pass under researcher direction,Khagendra01,pending,,,
AUDITV2_0061,Khagendra01,AI-assisted first pass under researcher direction,Khagendra01,pending,,,
AUDITV2_0062,Khagendra01,AI-assisted first pass under researcher direction,Khagendra01,pending,,,
AUDITV2_0063,Khagendra01,AI-assisted first pass under researcher direction,Khagendra01,pending,,,
AUDITV2_0064,Khagendra01,AI-assisted first pass under researcher direction,Khagendra01,pending,,,
AUDITV2_0065,Khagendra01,AI-assisted first pass under researcher direction,Khagendra01,pending,,,
AUDITV2_0066,Khagendra01,AI-assisted first pass under researcher direction,Khagendra01,pending,,,
AUDITV2_0067,Khagendra01,AI-assisted first pass under researcher direction,Khagendra01,pending,,,
AUDITV2_0068,Khagendra01,AI-assisted first pass under researcher direction,Khagendra01,pending,,,
AUDITV2_0069,Khagendra01,AI-assisted first pass under researcher direction,Khagendra01,pending,,,
AUDITV2_0070,Khagendra01,AI-assisted first pass under researcher direction,Khagendra01,pending,,,
AUDITV2_0071,Khagendra01,AI-assisted first pass under researcher direction,Khagendra01,pending,,,
AUDITV2_0072,Khagendra01,AI-assisted first pass under researcher direction,Khagendra01,pending,,,
AUDITV2_0073,Khagendra01,AI-assisted first pass under researcher direction,Khagendra01,pending,,,
AUDITV2_0074,Khagendra01,AI-assisted first pass under researcher direction,Khagendra01,pending,,,
AUDITV2_0075,Khagendra01,AI-assisted first pass under researcher direction,Khagendra01,pending,,,
AUDITV2_0076,Khagendra01,AI-assisted first pass under researcher direction,Khagendra01,pending,,,
AUDITV2_0077,Khagendra01,AI-assisted first pass under researcher direction,Khagendra01,pending,,,
AUDITV2_0078,Khagendra01,AI-assisted first pass under researcher direction,Khagendra01,pending,,,
AUDITV2_0079,Khagendra01,AI-assisted first pass under researcher direction,Khagendra01,pending,,,
AUDITV2_0080,Khagendra01,AI-assisted first pass under researcher direction,Khagendra01,pending,,,
AUDITV2_0081,Khagendra01,AI-assisted first pass under researcher direction,Khagendra01,pending,,,
AUDITV2_0082,Khagendra01,AI-assisted first pass under researcher direction,Khagendra01,pending,,,
AUDITV2_0083,Khagendra01,AI-assisted first pass under researcher direction,Khagendra01,pending,,,
AUDITV2_0084,Khagendra01,AI-assisted first pass under researcher direction,Khagendra01,pending,,,
AUDITV2_0085,Khagendra01,AI-assisted first pass under researcher direction,Khagendra01,pending,,,
AUDITV2_0086,Khagendra01,AI-assisted first pass under researcher direction,Khagendra01,pending,,,
AUDITV2_0087,Khagendra01,AI-assisted first pass under researcher direction,Khagendra01,pending,,,
AUDITV2_0088,Khagendra01,AI-assisted first pass under researcher direction,Khagendra01,pending,,,
AUDITV2_0089,Khagendra01,AI-assisted first pass under researcher direction,Khagendra01,pending,,,
AUDITV2_0090,Khagendra01,AI-assisted first pass under researcher direction,Khagendra01,pending,,,
AUDITV2_0091,Khagendra01,AI-assisted first pass under researcher direction,Khagendra01,pending,,,
AUDITV2_0092,Khagendra01,AI-assisted first pass under researcher direction,Khagendra01,pending,,,
AUDITV2_0093,Khagendra01,AI-assisted first pass under researcher direction,Khagendra01,pending,,,
AUDITV2_0094,Khagendra01,AI-assisted first pass under researcher direction,Khagendra01,pending,,,
AUDITV2_0095,Khagendra01,AI-assisted first pass under researcher direction,Khagendra01,pending,,,
AUDITV2_0096,Khagendra01,AI-assisted first pass under researcher direction,Khagendra01,pending,,,
AUDITV2_0097,Khagendra01,AI-assisted first pass under researcher direction,Khagendra01,pending,,,
AUDITV2_0098,Khagendra01,AI-assisted first pass under researcher direction,Khagendra01,pending,,,
AUDITV2_0099,Khagendra01,AI-assisted first pass under researcher direction,Khagendra01,pending,,,
AUDITV2_0100,Khagendra01,AI-assisted first pass under researcher direction,Khagendra01,pending,,,
AUDITV2_0101,Khagendra01,AI-assisted first pass under researcher direction,Khagendra01,pending,,,
AUDITV2_0102,Khagendra01,AI-assisted first pass under researcher direction,Khagendra01,pending,,,
AUDITV2_0103,Khagendra01,AI-assisted first pass under researcher direction,Khagendra01,pending,,,
AUDITV2_0104,Khagendra01,AI-assisted first pass under researcher direction,Khagendra01,pending,,,
AUDITV2_0105,Khagendra01,AI-assisted first pass under researcher direction,Khagendra01,pending,,,
AUDITV2_0106,Khagendra01,AI-assisted first pass under researcher direction,Khagendra01,pending,,,
AUDITV2_0107,Khagendra01,AI-assisted first pass under researcher direction,Khagendra01,pending,,,
AUDITV2_0108,Khagendra01,AI-assisted first pass under researcher direction,Khagendra01,pending,,,
AUDITV2_0109,Khagendra01,AI-assisted first pass under researcher direction,Khagendra01,pending,,,
AUDITV2_0110,Khagendra01,AI-assisted first pass under researcher direction,Khagendra01,pending,,,
AUDITV2_0111,Khagendra01,AI-assisted first pass under researcher direction,Khagendra01,pending,,,
AUDITV2_0112,Khagendra01,AI-assisted first pass under researcher direction,Khagendra01,pending,,,
AUDITV2_0113,Khagendra01,AI-assisted first pass under researcher direction,Khagendra01,pending,,,
AUDITV2_0114,Khagendra01,AI-assisted first pass under researcher direction,Khagendra01,pending,,,
AUDITV2_0115,Khagendra01,AI-assisted first pass under researcher direction,Khagendra01,pending,,,
AUDITV2_0116,Khagendra01,AI-assisted first pass under researcher direction,Khagendra01,pending,,,
AUDITV2_0117,Khagendra01,AI-assisted first pass under researcher direction,Khagendra01,pending,,,
AUDITV2_0118,Khagendra01,AI-assisted first pass under researcher direction,Khagendra01,pending,,,
AUDITV2_0119,Khagendra01,AI-assisted first pass under researcher direction,Khagendra01,pending,,,
AUDITV2_0120,Khagendra01,AI-assisted first pass under researcher direction,Khagendra01,pending,,,
AUDITV2_0121,Khagendra01,AI-assisted first pass under researcher direction,Khagendra01,pending,,,
AUDITV2_0122,Khagendra01,AI-assisted first pass under researcher direction,Khagendra01,pending,,,
AUDITV2_0123,Khagendra01,AI-assisted first pass under researcher direction,Khagendra01,pending,,,
AUDITV2_0124,Khagendra01,AI-assisted first pass under researcher direction,Khagendra01,pending,,,
AUDITV2_0125,Khagendra01,AI-assisted first pass under researcher direction,Khagendra01,pending,,,
AUDITV2_0126,Khagendra01,AI-assisted first pass under researcher direction,Khagendra01,pending,,,
AUDITV2_0127,Khagendra01,AI-assisted first pass under researcher direction,Khagendra01,pending,,,
AUDITV2_0128,Khagendra01,AI-assisted first pass under researcher direction,Khagendra01,pending,,,
AUDITV2_0129,Khagendra01,AI-assisted first pass under researcher direction,Khagendra01,pending,,,
AUDITV2_0130,Khagendra01,AI-assisted first pass under researcher direction,Khagendra01,pending,,,
AUDITV2_0131,Khagendra01,AI-assisted first pass under researcher direction,Khagendra01,pending,,,
AUDITV2_0132,Khagendra01,AI-assisted first pass under researcher direction,Khagendra01,pending,,,
AUDITV2_0133,Khagendra01,AI-assisted first pass under researcher direction,Khagendra01,pending,,,
AUDITV2_0134,Khagendra01,AI-assisted first pass under researcher direction,Khagendra01,pending,,,
AUDITV2_0135,Khagendra01,AI-assisted first pass under researcher direction,Khagendra01,pending,,,
AUDITV2_0136,Khagendra01,AI-assisted first pass under researcher direction,Khagendra01,pending,,,
AUDITV2_0137,Khagendra01,AI-assisted first pass under researcher direction,Khagendra01,pending,,,
AUDITV2_0138,Khagendra01,AI-assisted first pass under researcher direction,Khagendra01,pending,,,
AUDITV2_0139,Khagendra01,AI-assisted first pass under researcher direction,Khagendra01,pending,,,
AUDITV2_0140,Khagendra01,AI-assisted first pass under researcher direction,Khagendra01,pending,,,
AUDITV2_0141,Khagendra01,AI-assisted first pass under researcher direction,Khagendra01,pending,,,
AUDITV2_0142,Khagendra01,AI-assisted first pass under researcher direction,Khagendra01,pending,,,
AUDITV2_0143,Khagendra01,AI-assisted first pass under researcher direction,Khagendra01,pending,,,
AUDITV2_0144,Khagendra01,AI-assisted first pass under researcher direction,Khagendra01,pending,,,
AUDITV2_0145,Khagendra01,AI-assisted first pass under researcher direction,Khagendra01,pending,,,
AUDITV2_0146,Khagendra01,AI-assisted first pass under researcher direction,Khagendra01,pending,,,
AUDITV2_0147,Khagendra01,AI-assisted first pass under researcher direction,Khagendra01,pending,,,
AUDITV2_0148,Khagendra01,AI-assisted first pass under researcher direction,Khagendra01,pending,,,
AUDITV2_0149,Khagendra01,AI-assisted first pass under researcher direction,Khagendra01,pending,,,
AUDITV2_0150,Khagendra01,AI-assisted first pass under researcher direction,Khagendra01,pending,,,
AUDITV2_0151,Khagendra01,AI-assisted first pass under researcher direction,Khagendra01,pending,,,
AUDITV2_0152,Khagendra01,AI-assisted first pass under researcher direction,Khagendra01,pending,,,
AUDITV2_0153,Khagendra01,AI-assisted first pass under researcher direction,Khagendra01,pending,,,
AUDITV2_0154,Khagendra01,AI-assisted first pass under researcher direction,Khagendra01,pending,,,
AUDITV2_0155,Khagendra01,AI-assisted first pass under researcher direction,Khagendra01,pending,,,
AUDITV2_0156,Khagendra01,AI-assisted first pass under researcher direction,Khagendra01,pending,,,
AUDITV2_0157,Khagendra01,AI-assisted first pass under researcher direction,Khagendra01,pending,,,
AUDITV2_0158,Khagendra01,AI-assisted first pass under researcher direction,Khagendra01,pending,,,
AUDITV2_0159,Khagendra01,AI-assisted first pass under researcher direction,Khagendra01,pending,,,
AUDITV2_0160,Khagendra01,AI-assisted first pass under researcher direction,Khagendra01,pending,,,
AUDITV2_0161,Khagendra01,AI-assisted first pass under researcher direction,Khagendra01,pending,,,
AUDITV2_0162,Khagendra01,AI-assisted first pass under researcher direction,Khagendra01,pending,,,
AUDITV2_0163,Khagendra01,AI-assisted first pass under researcher direction,Khagendra01,pending,,,
AUDITV2_0164,Khagendra01,AI-assisted first pass under researcher direction,Khagendra01,pending,,,
AUDITV2_0165,Khagendra01,AI-assisted first pass under researcher direction,Khagendra01,pending,,,
AUDITV2_0166,Khagendra01,AI-assisted first pass under researcher direction,Khagendra01,pending,,,
AUDITV2_0167,Khagendra01,AI-assisted first pass under researcher direction,Khagendra01,pending,,,
AUDITV2_0168,Khagendra01,AI-assisted first pass under researcher direction,Khagendra01,pending,,,
AUDITV2_0169,Khagendra01,AI-assisted first pass under researcher direction,Khagendra01,pending,,,
AUDITV2_0170,Khagendra01,AI-assisted first pass under researcher direction,Khagendra01,pending,,,
AUDITV2_0171,Khagendra01,AI-assisted first pass under researcher direction,Khagendra01,pending,,,
AUDITV2_0172,Khagendra01,AI-assisted first pass under researcher direction,Khagendra01,pending,,,
AUDITV2_0173,Khagendra01,AI-assisted first pass under researcher direction,Khagendra01,pending,,,
AUDITV2_0174,Khagendra01,AI-assisted first pass under researcher direction,Khagendra01,pending,,,
AUDITV2_0175,Khagendra01,AI-assisted first pass under researcher direction,Khagendra01,pending,,,
AUDITV2_0176,Khagendra01,AI-assisted first pass under researcher direction,Khagendra01,pending,,,
AUDITV2_0177,Khagendra01,AI-assisted first pass under researcher direction,Khagendra01,pending,,,
AUDITV2_0178,Khagendra01,AI-assisted first pass under researcher direction,Khagendra01,pending,,,
AUDITV2_0179,Khagendra01,AI-assisted first pass under researcher direction,Khagendra01,pending,,,
AUDITV2_0180,Khagendra01,AI-assisted first pass under researcher direction,Khagendra01,pending,,,
AUDITV2_0181,Khagendra01,AI-assisted first pass under researcher direction,Khagendra01,pending,,,
AUDITV2_0182,Khagendra01,AI-assisted first pass under researcher direction,Khagendra01,pending,,,
AUDITV2_0183,Khagendra01,AI-assisted first pass under researcher direction,Khagendra01,pending,,,
AUDITV2_0184,Khagendra01,AI-assisted first pass under researcher direction,Khagendra01,pending,,,
AUDITV2_0185,Khagendra01,AI-assisted first pass under researcher direction,Khagendra01,pending,,,
AUDITV2_0186,Khagendra01,AI-assisted first pass under researcher direction,Khagendra01,pending,,,
AUDITV2_0187,Khagendra01,AI-assisted first pass under researcher direction,Khagendra01,pending,,,
AUDITV2_0188,Khagendra01,AI-assisted first pass under researcher direction,Khagendra01,pending,,,
AUDITV2_0189,Khagendra01,AI-assisted first pass under researcher direction,Khagendra01,pending,,,
AUDITV2_0190,Khagendra01,AI-assisted first pass under researcher direction,Khagendra01,pending,,,
AUDITV2_0191,Khagendra01,AI-assisted first pass under researcher direction,Khagendra01,pending,,,
AUDITV2_0192,Khagendra01,AI-assisted first pass under researcher direction,Khagendra01,pending,,,
AUDITV2_0193,Khagendra01,AI-assisted first pass under researcher direction,Khagendra01,pending,,,
AUDITV2_0194,Khagendra01,AI-assisted first pass under researcher direction,Khagendra01,pending,,,
AUDITV2_0195,Khagendra01,AI-assisted first pass under researcher direction,Khagendra01,pending,,,
AUDITV2_0196,Khagendra01,AI-assisted first pass under researcher direction,Khagendra01,pending,,,
AUDITV2_0197,Khagendra01,AI-assisted first pass under researcher direction,Khagendra01,pending,,,
AUDITV2_0198,Khagendra01,AI-assisted first pass under researcher direction,Khagendra01,pending,,,
AUDITV2_0199,Khagendra01,AI-assisted first pass under researcher direction,Khagendra01,pending,,,
AUDITV2_0200,Khagendra01,AI-assisted first pass under researcher direction,Khagendra01,pending,,,
AUDITV2_0201,Khagendra01,AI-assisted first pass under researcher direction,Khagendra01,pending,,,
AUDITV2_0202,Khagendra01,AI-assisted first pass under researcher direction,Khagendra01,pending,,,
AUDITV2_0203,Khagendra01,AI-assisted first pass under researcher direction,Khagendra01,pending,,,
AUDITV2_0204,Khagendra01,AI-assisted first pass under researcher direction,Khagendra01,pending,,,
AUDITV2_0205,Khagendra01,AI-assisted first pass under researcher direction,Khagendra01,pending,,,
AUDITV2_0206,Khagendra01,AI-assisted first pass under researcher direction,Khagendra01,pending,,,
AUDITV2_0207,Khagendra01,AI-assisted first pass under researcher direction,Khagendra01,pending,,,
AUDITV2_0208,Khagendra01,AI-assisted first pass under researcher direction,Khagendra01,pending,,,
AUDITV2_0209,Khagendra01,AI-assisted first pass under researcher direction,Khagendra01,pending,,,
AUDITV2_0210,Khagendra01,AI-assisted first pass under researcher direction,Khagendra01,pending,,,
AUDITV2_0211,Khagendra01,AI-assisted first pass under researcher direction,Khagendra01,pending,,,
AUDITV2_0212,Khagendra01,AI-assisted first pass under researcher direction,Khagendra01,pending,,,
AUDITV2_0213,Khagendra01,AI-assisted first pass under researcher direction,Khagendra01,pending,,,
AUDITV2_0214,Khagendra01,AI-assisted first pass under researcher direction,Khagendra01,pending,,,
AUDITV2_0215,Khagendra01,AI-assisted first pass under researcher direction,Khagendra01,pending,,,
AUDITV2_0216,Khagendra01,AI-assisted first pass under researcher direction,Khagendra01,pending,,,
AUDITV2_0217,Khagendra01,AI-assisted first pass under researcher direction,Khagendra01,pending,,,
AUDITV2_0218,Khagendra01,AI-assisted first pass under researcher direction,Khagendra01,pending,,,
AUDITV2_0219,Khagendra01,AI-assisted first pass under researcher direction,Khagendra01,pending,,,
AUDITV2_0220,Khagendra01,AI-assisted first pass under researcher direction,Khagendra01,pending,,,
AUDITV2_0221,Khagendra01,AI-assisted first pass under researcher direction,Khagendra01,pending,,,
AUDITV2_0222,Khagendra01,AI-assisted first pass under researcher direction,Khagendra01,pending,,,
AUDITV2_0223,Khagendra01,AI-assisted first pass under researcher direction,Khagendra01,pending,,,
AUDITV2_0224,Khagendra01,AI-assisted first pass under researcher direction,Khagendra01,pending,,,
AUDITV2_0225,Khagendra01,AI-assisted first pass under researcher direction,Khagendra01,pending,,,
AUDITV2_0226,Khagendra01,AI-assisted first pass under researcher direction,Khagendra01,pending,,,
AUDITV2_0227,Khagendra01,AI-assisted first pass under researcher direction,Khagendra01,pending,,,
AUDITV2_0228,Khagendra01,AI-assisted first pass under researcher direction,Khagendra01,pending,,,
AUDITV2_0229,Khagendra01,AI-assisted first pass under researcher direction,Khagendra01,pending,,,
AUDITV2_0230,Khagendra01,AI-assisted first pass under researcher direction,Khagendra01,pending,,,
AUDITV2_0231,Khagendra01,AI-assisted first pass under researcher direction,Khagendra01,pending,,,
AUDITV2_0232,Khagendra01,AI-assisted first pass under researcher direction,Khagendra01,pending,,,
AUDITV2_0233,Khagendra01,AI-assisted first pass under researcher direction,Khagendra01,pending,,,
AUDITV2_0234,Khagendra01,AI-assisted first pass under researcher direction,Khagendra01,pending,,,
AUDITV2_0235,Khagendra01,AI-assisted first pass under researcher direction,Khagendra01,pending,,,
AUDITV2_0236,Khagendra01,AI-assisted first pass under researcher direction,Khagendra01,pending,,,
AUDITV2_0237,Khagendra01,AI-assisted first pass under researcher direction,Khagendra01,pending,,,
AUDITV2_0238,Khagendra01,AI-assisted first pass under researcher direction,Khagendra01,pending,,,
AUDITV2_0239,Khagendra01,AI-assisted first pass under researcher direction,Khagendra01,pending,,,
AUDITV2_0240,Khagendra01,AI-assisted first pass under researcher direction,Khagendra01,pending,,,
AUDITV2_0241,Khagendra01,AI-assisted first pass under researcher direction,Khagendra01,pending,,,
AUDITV2_0242,Khagendra01,AI-assisted first pass under researcher direction,Khagendra01,pending,,,
AUDITV2_0243,Khagendra01,AI-assisted first pass under researcher direction,Khagendra01,pending,,,
AUDITV2_0244,Khagendra01,AI-assisted first pass under researcher direction,Khagendra01,pending,,,
AUDITV2_0245,Khagendra01,AI-assisted first pass under researcher direction,Khagendra01,pending,,,
AUDITV2_0246,Khagendra01,AI-assisted first pass under researcher direction,Khagendra01,pending,,,
AUDITV2_0247,Khagendra01,AI-assisted first pass under researcher direction,Khagendra01,pending,,,
AUDITV2_0248,Khagendra01,AI-assisted first pass under researcher direction,Khagendra01,pending,,,
AUDITV2_0249,Khagendra01,AI-assisted first pass under researcher direction,Khagendra01,pending,,,
AUDITV2_0250,Khagendra01,AI-assisted first pass under researcher direction,Khagendra01,pending,,,
AUDITV2_0251,Khagendra01,AI-assisted first pass under researcher direction,Khagendra01,pending,,,
AUDITV2_0252,Khagendra01,AI-assisted first pass under researcher direction,Khagendra01,pending,,,
AUDITV2_0253,Khagendra01,AI-assisted first pass under researcher direction,Khagendra01,pending,,,
AUDITV2_0254,Khagendra01,AI-assisted first pass under researcher direction,Khagendra01,pending,,,
AUDITV2_0255,Khagendra01,AI-assisted first pass under researcher direction,Khagendra01,pending,,,
AUDITV2_0256,Khagendra01,AI-assisted first pass under researcher direction,Khagendra01,pending,,,
AUDITV2_0257,Khagendra01,AI-assisted first pass under researcher direction,Khagendra01,pending,,,
AUDITV2_0258,Khagendra01,AI-assisted first pass under researcher direction,Khagendra01,pending,,,
AUDITV2_0259,Khagendra01,AI-assisted first pass under researcher direction,Khagendra01,pending,,,
AUDITV2_0260,Khagendra01,AI-assisted first pass under researcher direction,Khagendra01,pending,,,
AUDITV2_0261,Khagendra01,AI-assisted first pass under researcher direction,Khagendra01,pending,,,
AUDITV2_0262,Khagendra01,AI-assisted first pass under researcher direction,Khagendra01,pending,,,
AUDITV2_0263,Khagendra01,AI-assisted first pass under researcher direction,Khagendra01,pending,,,
AUDITV2_0264,Khagendra01,AI-assisted first pass under researcher direction,Khagendra01,pending,,,
AUDITV2_0265,Khagendra01,AI-assisted first pass under researcher direction,Khagendra01,pending,,,
AUDITV2_0266,Khagendra01,AI-assisted first pass under researcher direction,Khagendra01,pending,,,
AUDITV2_0267,Khagendra01,AI-assisted first pass under researcher direction,Khagendra01,pending,,,
AUDITV2_0268,Khagendra01,AI-assisted first pass under researcher direction,Khagendra01,pending,,,
AUDITV2_0269,Khagendra01,AI-assisted first pass under researcher direction,Khagendra01,pending,,,
AUDITV2_0270,Khagendra01,AI-assisted first pass under researcher direction,Khagendra01,pending,,,
AUDITV2_0271,Khagendra01,AI-assisted first pass under researcher direction,Khagendra01,pending,,,
AUDITV2_0272,Khagendra01,AI-assisted first pass under researcher direction,Khagendra01,pending,,,
AUDITV2_0273,Khagendra01,AI-assisted first pass under researcher direction,Khagendra01,pending,,,
AUDITV2_0274,Khagendra01,AI-assisted first pass under researcher direction,Khagendra01,pending,,,
AUDITV2_0275,Khagendra01,AI-assisted first pass under researcher direction,Khagendra01,pending,,,
AUDITV2_0276,Khagendra01,AI-assisted first pass under researcher direction,Khagendra01,pending,,,
AUDITV2_0277,Khagendra01,AI-assisted first pass under researcher direction,Khagendra01,pending,,,
AUDITV2_0278,Khagendra01,AI-assisted first pass under researcher direction,Khagendra01,pending,,,
AUDITV2_0279,Khagendra01,AI-assisted first pass under researcher direction,Khagendra01,pending,,,
AUDITV2_0280,Khagendra01,AI-assisted first pass under researcher direction,Khagendra01,pending,,,
AUDITV2_0281,Khagendra01,AI-assisted first pass under researcher direction,Khagendra01,pending,,,
AUDITV2_0282,Khagendra01,AI-assisted first pass under researcher direction,Khagendra01,pending,,,
AUDITV2_0283,Khagendra01,AI-assisted first pass under researcher direction,Khagendra01,pending,,,
AUDITV2_0284,Khagendra01,AI-assisted first pass under researcher direction,Khagendra01,pending,,,
AUDITV2_0285,Khagendra01,AI-assisted first pass under researcher direction,Khagendra01,pending,,,
AUDITV2_0286,Khagendra01,AI-assisted first pass under researcher direction,Khagendra01,pending,,,
AUDITV2_0287,Khagendra01,AI-assisted first pass under researcher direction,Khagendra01,pending,,,
AUDITV2_0288,Khagendra01,AI-assisted first pass under researcher direction,Khagendra01,pending,,,
AUDITV2_0289,Khagendra01,AI-assisted first pass under researcher direction,Khagendra01,pending,,,
AUDITV2_0290,Khagendra01,AI-assisted first pass under researcher direction,Khagendra01,pending,,,
AUDITV2_0291,Khagendra01,AI-assisted first pass under researcher direction,Khagendra01,pending,,,
AUDITV2_0292,Khagendra01,AI-assisted first pass under researcher direction,Khagendra01,pending,,,
AUDITV2_0293,Khagendra01,AI-assisted first pass under researcher direction,Khagendra01,pending,,,
AUDITV2_0294,Khagendra01,AI-assisted first pass under researcher direction,Khagendra01,pending,,,
AUDITV2_0295,Khagendra01,AI-assisted first pass under researcher direction,Khagendra01,pending,,,
AUDITV2_0296,Khagendra01,AI-assisted first pass under researcher direction,Khagendra01,pending,,,
AUDITV2_0297,Khagendra01,AI-assisted first pass under researcher direction,Khagendra01,pending,,,
AUDITV2_0298,Khagendra01,AI-assisted first pass under researcher direction,Khagendra01,pending,,,
AUDITV2_0299,Khagendra01,AI-assisted first pass under researcher direction,Khagendra01,pending,,,
AUDITV2_0300,Khagendra01,AI-assisted first pass under researcher direction,Khagendra01,pending,,,
AUDITV2_0301,Khagendra01,AI-assisted first pass under researcher direction,Khagendra01,pending,,,
AUDITV2_0302,Khagendra01,AI-assisted first pass under researcher direction,Khagendra01,pending,,,
AUDITV2_0303,Khagendra01,AI-assisted first pass under researcher direction,Khagendra01,pending,,,
AUDITV2_0304,Khagendra01,AI-assisted first pass under researcher direction,Khagendra01,pending,,,
AUDITV2_0305,Khagendra01,AI-assisted first pass under researcher direction,Khagendra01,pending,,,
AUDITV2_0306,Khagendra01,AI-assisted first pass under researcher direction,Khagendra01,pending,,,
AUDITV2_0307,Khagendra01,AI-assisted first pass under researcher direction,Khagendra01,pending,,,
AUDITV2_0308,Khagendra01,AI-assisted first pass under researcher direction,Khagendra01,pending,,,
AUDITV2_0309,Khagendra01,AI-assisted first pass under researcher direction,Khagendra01,pending,,,
AUDITV2_0310,Khagendra01,AI-assisted first pass under researcher direction,Khagendra01,pending,,,
AUDITV2_0311,Khagendra01,AI-assisted first pass under researcher direction,Khagendra01,pending,,,
AUDITV2_0312,Khagendra01,AI-assisted first pass under researcher direction,Khagendra01,pending,,,
AUDITV2_0313,Khagendra01,AI-assisted first pass under researcher direction,Khagendra01,pending,,,
AUDITV2_0314,Khagendra01,AI-assisted first pass under researcher direction,Khagendra01,pending,,,
AUDITV2_0315,Khagendra01,AI-assisted first pass under researcher direction,Khagendra01,pending,,,
AUDITV2_0316,Khagendra01,AI-assisted first pass under researcher direction,Khagendra01,pending,,,
AUDITV2_0317,Khagendra01,AI-assisted first pass under researcher direction,Khagendra01,pending,,,
AUDITV2_0318,Khagendra01,AI-assisted first pass under researcher direction,Khagendra01,pending,,,
AUDITV2_0319,Khagendra01,AI-assisted first pass under researcher direction,Khagendra01,pending,,,
AUDITV2_0320,Khagendra01,AI-assisted first pass under researcher direction,Khagendra01,pending,,,
AUDITV2_0321,Khagendra01,AI-assisted first pass under researcher direction,Khagendra01,pending,,,
AUDITV2_0322,Khagendra01,AI-assisted first pass under researcher direction,Khagendra01,pending,,,
AUDITV2_0323,Khagendra01,AI-assisted first pass under researcher direction,Khagendra01,pending,,,
AUDITV2_0324,Khagendra01,AI-assisted first pass under researcher direction,Khagendra01,pending,,,
AUDITV2_0325,Khagendra01,AI-assisted first pass under researcher direction,Khagendra01,pending,,,
AUDITV2_0326,Khagendra01,AI-assisted first pass under researcher direction,Khagendra01,pending,,,
AUDITV2_0327,Khagendra01,AI-assisted first pass under researcher direction,Khagendra01,pending,,,
AUDITV2_0328,Khagendra01,AI-assisted first pass under researcher direction,Khagendra01,pending,,,
AUDITV2_0329,Khagendra01,AI-assisted first pass under researcher direction,Khagendra01,pending,,,
AUDITV2_0330,Khagendra01,AI-assisted first pass under researcher direction,Khagendra01,pending,,,
AUDITV2_0331,Khagendra01,AI-assisted first pass under researcher direction,Khagendra01,pending,,,
AUDITV2_0332,Khagendra01,AI-assisted first pass under researcher direction,Khagendra01,pending,,,
AUDITV2_0333,Khagendra01,AI-assisted first pass under researcher direction,Khagendra01,pending,,,
AUDITV2_0334,Khagendra01,AI-assisted first pass under researcher direction,Khagendra01,pending,,,
AUDITV2_0335,Khagendra01,AI-assisted first pass under researcher direction,Khagendra01,pending,,,
AUDITV2_0336,Khagendra01,AI-assisted first pass under researcher direction,Khagendra01,pending,,,
AUDITV2_0337,Khagendra01,AI-assisted first pass under researcher direction,Khagendra01,pending,,,
AUDITV2_0338,Khagendra01,AI-assisted first pass under researcher direction,Khagendra01,pending,,,
AUDITV2_0339,Khagendra01,AI-assisted first pass under researcher direction,Khagendra01,pending,,,
AUDITV2_0340,Khagendra01,AI-assisted first pass under researcher direction,Khagendra01,pending,,,
AUDITV2_0341,Khagendra01,AI-assisted first pass under researcher direction,Khagendra01,pending,,,
AUDITV2_0342,Khagendra01,AI-assisted first pass under researcher direction,Khagendra01,pending,,,
AUDITV2_0343,Khagendra01,AI-assisted first pass under researcher direction,Khagendra01,pending,,,
AUDITV2_0344,Khagendra01,AI-assisted first pass under researcher direction,Khagendra01,pending,,,
AUDITV2_0345,Khagendra01,AI-assisted first pass under researcher direction,Khagendra01,pending,,,
AUDITV2_0346,Khagendra01,AI-assisted first pass under researcher direction,Khagendra01,pending,,,
AUDITV2_0347,Khagendra01,AI-assisted first pass under researcher direction,Khagendra01,pending,,,
AUDITV2_0348,Khagendra01,AI-assisted first pass under researcher direction,Khagendra01,pending,,,
AUDITV2_0349,Khagendra01,AI-assisted first pass under researcher direction,Khagendra01,pending,,,
AUDITV2_0350,Khagendra01,AI-assisted first pass under researcher direction,Khagendra01,pending,,,
AUDITV2_0351,Khagendra01,AI-assisted first pass under researcher direction,Khagendra01,pending,,,
AUDITV2_0352,Khagendra01,AI-assisted first pass under researcher direction,Khagendra01,pending,,,
AUDITV2_0353,Khagendra01,AI-assisted first pass under researcher direction,Khagendra01,pending,,,
AUDITV2_0354,Khagendra01,AI-assisted first pass under researcher direction,Khagendra01,pending,,,
AUDITV2_0355,Khagendra01,AI-assisted first pass under researcher direction,Khagendra01,pending,,,
AUDITV2_0356,Khagendra01,AI-assisted first pass under researcher direction,Khagendra01,pending,,,
AUDITV2_0357,Khagendra01,AI-assisted first pass under researcher direction,Khagendra01,pending,,,
AUDITV2_0358,Khagendra01,AI-assisted first pass under researcher direction,Khagendra01,pending,,,
AUDITV2_0359,Khagendra01,AI-assisted first pass under researcher direction,Khagendra01,pending,,,
AUDITV2_0360,Khagendra01,AI-assisted first pass under researcher direction,Khagendra01,pending,,,
AUDITV2_0361,Khagendra01,AI-assisted first pass under researcher direction,Khagendra01,pending,,,
AUDITV2_0362,Khagendra01,AI-assisted first pass under researcher direction,Khagendra01,pending,,,
AUDITV2_0363,Khagendra01,AI-assisted first pass under researcher direction,Khagendra01,pending,,,
AUDITV2_0364,Khagendra01,AI-assisted first pass under researcher direction,Khagendra01,pending,,,
AUDITV2_0365,Khagendra01,AI-assisted first pass under researcher direction,Khagendra01,pending,,,
AUDITV2_0366,Khagendra01,AI-assisted first pass under researcher direction,Khagendra01,pending,,,
AUDITV2_0367,Khagendra01,AI-assisted first pass under researcher direction,Khagendra01,pending,,,
AUDITV2_0368,Khagendra01,AI-assisted first pass under researcher direction,Khagendra01,pending,,,
AUDITV2_0369,Khagendra01,AI-assisted first pass under researcher direction,Khagendra01,pending,,,
AUDITV2_0370,Khagendra01,AI-assisted first pass under researcher direction,Khagendra01,pending,,,
AUDITV2_0371,Khagendra01,AI-assisted first pass under researcher direction,Khagendra01,pending,,,
AUDITV2_0372,Khagendra01,AI-assisted first pass under researcher direction,Khagendra01,pending,,,
AUDITV2_0373,Khagendra01,AI-assisted first pass under researcher direction,Khagendra01,pending,,,
AUDITV2_0374,Khagendra01,AI-assisted first pass under researcher direction,Khagendra01,pending,,,
AUDITV2_0375,Khagendra01,AI-assisted first pass under researcher direction,Khagendra01,pending,,,
AUDITV2_0376,Khagendra01,AI-assisted first pass under researcher direction,Khagendra01,pending,,,
AUDITV2_0377,Khagendra01,AI-assisted first pass under researcher direction,Khagendra01,pending,,,
AUDITV2_0378,Khagendra01,AI-assisted first pass under researcher direction,Khagendra01,pending,,,
AUDITV2_0379,Khagendra01,AI-assisted first pass under researcher direction,Khagendra01,pending,,,
AUDITV2_0380,Khagendra01,AI-assisted first pass under researcher direction,Khagendra01,pending,,,
AUDITV2_0381,Khagendra01,AI-assisted first pass under researcher direction,Khagendra01,pending,,,
AUDITV2_0382,Khagendra01,AI-assisted first pass under researcher direction,Khagendra01,pending,,,
AUDITV2_0383,Khagendra01,AI-assisted first pass under researcher direction,Khagendra01,pending,,,
AUDITV2_0384,Khagendra01,AI-assisted first pass under researcher direction,Khagendra01,pending,,,
AUDITV2_0385,Khagendra01,AI-assisted first pass under researcher direction,Khagendra01,pending,,,
AUDITV2_0386,Khagendra01,AI-assisted first pass under researcher direction,Khagendra01,pending,,,
AUDITV2_0387,Khagendra01,AI-assisted first pass under researcher direction,Khagendra01,pending,,,
AUDITV2_0388,Khagendra01,AI-assisted first pass under researcher direction,Khagendra01,pending,,,
AUDITV2_0389,Khagendra01,AI-assisted first pass under researcher direction,Khagendra01,pending,,,
AUDITV2_0390,Khagendra01,AI-assisted first pass under researcher direction,Khagendra01,pending,,,
AUDITV2_0391,Khagendra01,AI-assisted first pass under researcher direction,Khagendra01,pending,,,
AUDITV2_0392,Khagendra01,AI-assisted first pass under researcher direction,Khagendra01,pending,,,
AUDITV2_0393,Khagendra01,AI-assisted first pass under researcher direction,Khagendra01,pending,,,
AUDITV2_0394,Khagendra01,AI-assisted first pass under researcher direction,Khagendra01,pending,,,
AUDITV2_0395,Khagendra01,AI-assisted first pass under researcher direction,Khagendra01,pending,,,
AUDITV2_0396,Khagendra01,AI-assisted first pass under researcher direction,Khagendra01,pending,,,
AUDITV2_0397,Khagendra01,AI-assisted first pass under researcher direction,Khagendra01,pending,,,
AUDITV2_0398,Khagendra01,AI-assisted first pass under researcher direction,Khagendra01,pending,,,
AUDITV2_0399,Khagendra01,AI-assisted first pass under researcher direction,Khagendra01,pending,,,
AUDITV2_0400,Khagendra01,AI-assisted first pass under researcher direction,Khagendra01,pending,,,
AUDITV2_0401,Khagendra01,AI-assisted first pass under researcher direction,Khagendra01,pending,,,
AUDITV2_0402,Khagendra01,AI-assisted first pass under researcher direction,Khagendra01,pending,,,
AUDITV2_0403,Khagendra01,AI-assisted first pass under researcher direction,Khagendra01,pending,,,
AUDITV2_0404,Khagendra01,AI-assisted first pass under researcher direction,Khagendra01,pending,,,
AUDITV2_0405,Khagendra01,AI-assisted first pass under researcher direction,Khagendra01,pending,,,
AUDITV2_0406,Khagendra01,AI-assisted first pass under researcher direction,Khagendra01,pending,,,
AUDITV2_0407,Khagendra01,AI-assisted first pass under researcher direction,Khagendra01,pending,,,
AUDITV2_0408,Khagendra01,AI-assisted first pass under researcher direction,Khagendra01,pending,,,
AUDITV2_0409,Khagendra01,AI-assisted first pass under researcher direction,Khagendra01,pending,,,
AUDITV2_0410,Khagendra01,AI-assisted first pass under researcher direction,Khagendra01,pending,,,
AUDITV2_0411,Khagendra01,AI-assisted first pass under researcher direction,Khagendra01,pending,,,
AUDITV2_0412,Khagendra01,AI-assisted first pass under researcher direction,Khagendra01,pending,,,
AUDITV2_0413,Khagendra01,AI-assisted first pass under researcher direction,Khagendra01,pending,,,
AUDITV2_0414,Khagendra01,AI-assisted first pass under researcher direction,Khagendra01,pending,,,
AUDITV2_0415,Khagendra01,AI-assisted first pass under researcher direction,Khagendra01,pending,,,
AUDITV2_0416,Khagendra01,AI-assisted first pass under researcher direction,Khagendra01,pending,,,
AUDITV2_0417,Khagendra01,AI-assisted first pass under researcher direction,Khagendra01,pending,,,
AUDITV2_0418,Khagendra01,AI-assisted first pass under researcher direction,Khagendra01,pending,,,
AUDITV2_0419,Khagendra01,AI-assisted first pass under researcher direction,Khagendra01,pending,,,
AUDITV2_0420,Khagendra01,AI-assisted first pass under researcher direction,Khagendra01,pending,,,
AUDITV2_0421,Khagendra01,AI-assisted first pass under researcher direction,Khagendra01,pending,,,
AUDITV2_0422,Khagendra01,AI-assisted first pass under researcher direction,Khagendra01,pending,,,
AUDITV2_0423,Khagendra01,AI-assisted first pass under researcher direction,Khagendra01,pending,,,
AUDITV2_0424,Khagendra01,AI-assisted first pass under researcher direction,Khagendra01,pending,,,
AUDITV2_0425,Khagendra01,AI-assisted first pass under researcher direction,Khagendra01,pending,,,
AUDITV2_0426,Khagendra01,AI-assisted first pass under researcher direction,Khagendra01,pending,,,
AUDITV2_0427,Khagendra01,AI-assisted first pass under researcher direction,Khagendra01,pending,,,
AUDITV2_0428,Khagendra01,AI-assisted first pass under researcher direction,Khagendra01,pending,,,
AUDITV2_0429,Khagendra01,AI-assisted first pass under researcher direction,Khagendra01,pending,,,
AUDITV2_0430,Khagendra01,AI-assisted first pass under researcher direction,Khagendra01,pending,,,
AUDITV2_0431,Khagendra01,AI-assisted first pass under researcher direction,Khagendra01,pending,,,
AUDITV2_0432,Khagendra01,AI-assisted first pass under researcher direction,Khagendra01,pending,,,
AUDITV2_0433,Khagendra01,AI-assisted first pass under researcher direction,Khagendra01,pending,,,
AUDITV2_0434,Khagendra01,AI-assisted first pass under researcher direction,Khagendra01,pending,,,
AUDITV2_0435,Khagendra01,AI-assisted first pass under researcher direction,Khagendra01,pending,,,
AUDITV2_0436,Khagendra01,AI-assisted first pass under researcher direction,Khagendra01,pending,,,
AUDITV2_0437,Khagendra01,AI-assisted first pass under researcher direction,Khagendra01,pending,,,
AUDITV2_0438,Khagendra01,AI-assisted first pass under researcher direction,Khagendra01,pending,,,
AUDITV2_0439,Khagendra01,AI-assisted first pass under researcher direction,Khagendra01,pending,,,
AUDITV2_0440,Khagendra01,AI-assisted first pass under researcher direction,Khagendra01,pending,,,
AUDITV2_0441,Khagendra01,AI-assisted first pass under researcher direction,Khagendra01,pending,,,
AUDITV2_0442,Khagendra01,AI-assisted first pass under researcher direction,Khagendra01,pending,,,
AUDITV2_0443,Khagendra01,AI-assisted first pass under researcher direction,Khagendra01,pending,,,
AUDITV2_0444,Khagendra01,AI-assisted first pass under researcher direction,Khagendra01,pending,,,
AUDITV2_0445,Khagendra01,AI-assisted first pass under researcher direction,Khagendra01,pending,,,
AUDITV2_0446,Khagendra01,AI-assisted first pass under researcher direction,Khagendra01,pending,,,
AUDITV2_0447,Khagendra01,AI-assisted first pass under researcher direction,Khagendra01,pending,,,
AUDITV2_0448,Khagendra01,AI-assisted first pass under researcher direction,Khagendra01,pending,,,
AUDITV2_0449,Khagendra01,AI-assisted first pass under researcher direction,Khagendra01,pending,,,
AUDITV2_0450,Khagendra01,AI-assisted first pass under researcher direction,Khagendra01,pending,,,
AUDITV2_0451,Khagendra01,AI-assisted first pass under researcher direction,Khagendra01,pending,,,
AUDITV2_0452,Khagendra01,AI-assisted first pass under researcher direction,Khagendra01,pending,,,
AUDITV2_0453,Khagendra01,AI-assisted first pass under researcher direction,Khagendra01,pending,,,
AUDITV2_0454,Khagendra01,AI-assisted first pass under researcher direction,Khagendra01,pending,,,
AUDITV2_0455,Khagendra01,AI-assisted first pass under researcher direction,Khagendra01,pending,,,
AUDITV2_0456,Khagendra01,AI-assisted first pass under researcher direction,Khagendra01,pending,,,
AUDITV2_0457,Khagendra01,AI-assisted first pass under researcher direction,Khagendra01,pending,,,
AUDITV2_0458,Khagendra01,AI-assisted first pass under researcher direction,Khagendra01,pending,,,
AUDITV2_0459,Khagendra01,AI-assisted first pass under researcher direction,Khagendra01,pending,,,
AUDITV2_0460,Khagendra01,AI-assisted first pass under researcher direction,Khagendra01,pending,,,
AUDITV2_0461,Khagendra01,AI-assisted first pass under researcher direction,Khagendra01,pending,,,
AUDITV2_0462,Khagendra01,AI-assisted first pass under researcher direction,Khagendra01,pending,,,
AUDITV2_0463,Khagendra01,AI-assisted first pass under researcher direction,Khagendra01,pending,,,
AUDITV2_0464,Khagendra01,AI-assisted first pass under researcher direction,Khagendra01,pending,,,
AUDITV2_0465,Khagendra01,AI-assisted first pass under researcher direction,Khagendra01,pending,,,
AUDITV2_0466,Khagendra01,AI-assisted first pass under researcher direction,Khagendra01,pending,,,
AUDITV2_0467,Khagendra01,AI-assisted first pass under researcher direction,Khagendra01,pending,,,
AUDITV2_0468,Khagendra01,AI-assisted first pass under researcher direction,Khagendra01,pending,,,
AUDITV2_0469,Khagendra01,AI-assisted first pass under researcher direction,Khagendra01,pending,,,
AUDITV2_0470,Khagendra01,AI-assisted first pass under researcher direction,Khagendra01,pending,,,
AUDITV2_0471,Khagendra01,AI-assisted first pass under researcher direction,Khagendra01,pending,,,
AUDITV2_0472,Khagendra01,AI-assisted first pass under researcher direction,Khagendra01,pending,,,
AUDITV2_0473,Khagendra01,AI-assisted first pass under researcher direction,Khagendra01,pending,,,
AUDITV2_0474,Khagendra01,AI-assisted first pass under researcher direction,Khagendra01,pending,,,
AUDITV2_0475,Khagendra01,AI-assisted first pass under researcher direction,Khagendra01,pending,,,
AUDITV2_0476,Khagendra01,AI-assisted first pass under researcher direction,Khagendra01,pending,,,
AUDITV2_0477,Khagendra01,AI-assisted first pass under researcher direction,Khagendra01,pending,,,
AUDITV2_0478,Khagendra01,AI-assisted first pass under researcher direction,Khagendra01,pending,,,
AUDITV2_0479,Khagendra01,AI-assisted first pass under researcher direction,Khagendra01,pending,,,
AUDITV2_0480,Khagendra01,AI-assisted first pass under researcher direction,Khagendra01,pending,,,
AUDITV2_0481,Khagendra01,AI-assisted first pass under researcher direction,Khagendra01,pending,,,
AUDITV2_0482,Khagendra01,AI-assisted first pass under researcher direction,Khagendra01,pending,,,
AUDITV2_0483,Khagendra01,AI-assisted first pass under researcher direction,Khagendra01,pending,,,
AUDITV2_0484,Khagendra01,AI-assisted first pass under researcher direction,Khagendra01,pending,,,
AUDITV2_0485,Khagendra01,AI-assisted first pass under researcher direction,Khagendra01,pending,,,
AUDITV2_0486,Khagendra01,AI-assisted first pass under researcher direction,Khagendra01,pending,,,
AUDITV2_0487,Khagendra01,AI-assisted first pass under researcher direction,Khagendra01,pending,,,
AUDITV2_0488,Khagendra01,AI-assisted first pass under researcher direction,Khagendra01,pending,,,
AUDITV2_0489,Khagendra01,AI-assisted first pass under researcher direction,Khagendra01,pending,,,
AUDITV2_0490,Khagendra01,AI-assisted first pass under researcher direction,Khagendra01,pending,,,
AUDITV2_0491,Khagendra01,AI-assisted first pass under researcher direction,Khagendra01,pending,,,
AUDITV2_0492,Khagendra01,AI-assisted first pass under researcher direction,Khagendra01,pending,,,
AUDITV2_0493,Khagendra01,AI-assisted first pass under researcher direction,Khagendra01,pending,,,
AUDITV2_0494,Khagendra01,AI-assisted first pass under researcher direction,Khagendra01,pending,,,
AUDITV2_0495,Khagendra01,AI-assisted first pass under researcher direction,Khagendra01,pending,,,
AUDITV2_0496,Khagendra01,AI-assisted first pass under researcher direction,Khagendra01,pending,,,
AUDITV2_0497,Khagendra01,AI-assisted first pass under researcher direction,Khagendra01,pending,,,
AUDITV2_0498,Khagendra01,AI-assisted first pass under researcher direction,Khagendra01,pending,,,
AUDITV2_0499,Khagendra01,AI-assisted first pass under researcher direction,Khagendra01,pending,,,
AUDITV2_0500,Khagendra01,AI-assisted first pass under researcher direction,Khagendra01,pending,,,
